username,mailinatorUserName
user001-312494@origenceteam697651.testinator.com,user001-312494
user002-312494@origenceteam697651.testinator.com,user002-312494
user003-312494@origenceteam697651.testinator.com,user003-312494
user004-312494@origenceteam697651.testinator.com,user004-312494
user005-312494@origenceteam697651.testinator.com,user005-312494
user006-312494@origenceteam697651.testinator.com,user006-312494
user007-312494@origenceteam697651.testinator.com,user007-312494
user008-312494@origenceteam697651.testinator.com,user008-312494
user009-312494@origenceteam697651.testinator.com,user009-312494
user010-312494@origenceteam697651.testinator.com,user010-312494
user011-312494@origenceteam697651.testinator.com,user011-312494
user012-312494@origenceteam697651.testinator.com,user012-312494
user013-312494@origenceteam697651.testinator.com,user013-312494
user014-312494@origenceteam697651.testinator.com,user014-312494
user015-312494@origenceteam697651.testinator.com,user015-312494
user016-312494@origenceteam697651.testinator.com,user016-312494
user017-312494@origenceteam697651.testinator.com,user017-312494
user018-312494@origenceteam697651.testinator.com,user018-312494
user019-312494@origenceteam697651.testinator.com,user019-312494
user020-312494@origenceteam697651.testinator.com,user020-312494
user021-312494@origenceteam697651.testinator.com,user021-312494
user022-312494@origenceteam697651.testinator.com,user022-312494
user023-312494@origenceteam697651.testinator.com,user023-312494
user024-312494@origenceteam697651.testinator.com,user024-312494
user025-312494@origenceteam697651.testinator.com,user025-312494
user026-312494@origenceteam697651.testinator.com,user026-312494
user027-312494@origenceteam697651.testinator.com,user027-312494
user028-312494@origenceteam697651.testinator.com,user028-312494
user029-312494@origenceteam697651.testinator.com,user029-312494
user030-312494@origenceteam697651.testinator.com,user030-312494
user031-312494@origenceteam697651.testinator.com,user031-312494
user032-312494@origenceteam697651.testinator.com,user032-312494
user033-312494@origenceteam697651.testinator.com,user033-312494
user034-312494@origenceteam697651.testinator.com,user034-312494
user035-312494@origenceteam697651.testinator.com,user035-312494
user036-312494@origenceteam697651.testinator.com,user036-312494
user037-312494@origenceteam697651.testinator.com,user037-312494
user000-312494@origenceteam697651.testinator.com,user000-312494
user039-312494@origenceteam697651.testinator.com,user039-312494
user040-312494@origenceteam697651.testinator.com,user040-312494
user041-312494@origenceteam697651.testinator.com,user041-312494
user042-312494@origenceteam697651.testinator.com,user042-312494
user043-312494@origenceteam697651.testinator.com,user043-312494
user044-312494@origenceteam697651.testinator.com,user044-312494
user045-312494@origenceteam697651.testinator.com,user045-312494
user046-312494@origenceteam697651.testinator.com,user046-312494
user047-312494@origenceteam697651.testinator.com,user047-312494
user048-312494@origenceteam697651.testinator.com,user048-312494
user049-312494@origenceteam697651.testinator.com,user049-312494
user050-312494@origenceteam697651.testinator.com,user050-312494
user051-312494@origenceteam697651.testinator.com,user051-312494
user052-312494@origenceteam697651.testinator.com,user052-312494
user053-312494@origenceteam697651.testinator.com,user053-312494
user054-312494@origenceteam697651.testinator.com,user054-312494
user055-312494@origenceteam697651.testinator.com,user055-312494
user056-312494@origenceteam697651.testinator.com,user056-312494
user057-312494@origenceteam697651.testinator.com,user057-312494
user058-312494@origenceteam697651.testinator.com,user058-312494
user059-312494@origenceteam697651.testinator.com,user059-312494
user060-312494@origenceteam697651.testinator.com,user060-312494
user061-312494@origenceteam697651.testinator.com,user061-312494
user062-312494@origenceteam697651.testinator.com,user062-312494
user063-312494@origenceteam697651.testinator.com,user063-312494
user064-312494@origenceteam697651.testinator.com,user064-312494
user065-312494@origenceteam697651.testinator.com,user065-312494
user066-312494@origenceteam697651.testinator.com,user066-312494
user067-312494@origenceteam697651.testinator.com,user067-312494
user068-312494@origenceteam697651.testinator.com,user068-312494
user069-312494@origenceteam697651.testinator.com,user069-312494
user070-312494@origenceteam697651.testinator.com,user070-312494
user071-312494@origenceteam697651.testinator.com,user071-312494
user072-312494@origenceteam697651.testinator.com,user072-312494
user073-312494@origenceteam697651.testinator.com,user073-312494
user074-312494@origenceteam697651.testinator.com,user074-312494
user075-312494@origenceteam697651.testinator.com,user075-312494
user076-312494@origenceteam697651.testinator.com,user076-312494
user077-312494@origenceteam697651.testinator.com,user077-312494
user078-312494@origenceteam697651.testinator.com,user078-312494
user079-312494@origenceteam697651.testinator.com,user079-312494
user080-312494@origenceteam697651.testinator.com,user080-312494
user081-312494@origenceteam697651.testinator.com,user081-312494
user082-312494@origenceteam697651.testinator.com,user082-312494
user083-312494@origenceteam697651.testinator.com,user083-312494
user084-312494@origenceteam697651.testinator.com,user084-312494
user085-312494@origenceteam697651.testinator.com,user085-312494
user086-312494@origenceteam697651.testinator.com,user086-312494
user087-312494@origenceteam697651.testinator.com,user087-312494
user088-312494@origenceteam697651.testinator.com,user088-312494
user089-312494@origenceteam697651.testinator.com,user089-312494
user090-312494@origenceteam697651.testinator.com,user090-312494
user091-312494@origenceteam697651.testinator.com,user091-312494
user092-312494@origenceteam697651.testinator.com,user092-312494
user093-312494@origenceteam697651.testinator.com,user093-312494
user094-312494@origenceteam697651.testinator.com,user094-312494
user095-312494@origenceteam697651.testinator.com,user095-312494
user096-312494@origenceteam697651.testinator.com,user096-312494
user097-312494@origenceteam697651.testinator.com,user097-312494
user098-312494@origenceteam697651.testinator.com,user098-312494
user099-312494@origenceteam697651.testinator.com,user099-312494
user100-312494@origenceteam697651.testinator.com,user100-312494
user101-312494@origenceteam697651.testinator.com,user101-312494
user102-312494@origenceteam697651.testinator.com,user102-312494
user103-312494@origenceteam697651.testinator.com,user103-312494
user104-312494@origenceteam697651.testinator.com,user104-312494
user105-312494@origenceteam697651.testinator.com,user105-312494
user106-312494@origenceteam697651.testinator.com,user106-312494
user107-312494@origenceteam697651.testinator.com,user107-312494
user108-312494@origenceteam697651.testinator.com,user108-312494
user109-312494@origenceteam697651.testinator.com,user109-312494
user110-312494@origenceteam697651.testinator.com,user110-312494
user111-312494@origenceteam697651.testinator.com,user111-312494
user112-312494@origenceteam697651.testinator.com,user112-312494
user113-312494@origenceteam697651.testinator.com,user113-312494
user114-312494@origenceteam697651.testinator.com,user114-312494
user115-312494@origenceteam697651.testinator.com,user115-312494
user116-312494@origenceteam697651.testinator.com,user116-312494
user117-312494@origenceteam697651.testinator.com,user117-312494
user118-312494@origenceteam697651.testinator.com,user118-312494
user119-312494@origenceteam697651.testinator.com,user119-312494
user120-312494@origenceteam697651.testinator.com,user120-312494
user121-312494@origenceteam697651.testinator.com,user121-312494
user122-312494@origenceteam697651.testinator.com,user122-312494
user123-312494@origenceteam697651.testinator.com,user123-312494
user124-312494@origenceteam697651.testinator.com,user124-312494
user125-312494@origenceteam697651.testinator.com,user125-312494
user126-312494@origenceteam697651.testinator.com,user126-312494
user127-312494@origenceteam697651.testinator.com,user127-312494
user128-312494@origenceteam697651.testinator.com,user128-312494
user129-312494@origenceteam697651.testinator.com,user129-312494
user130-312494@origenceteam697651.testinator.com,user130-312494
user131-312494@origenceteam697651.testinator.com,user131-312494
user132-312494@origenceteam697651.testinator.com,user132-312494
user133-312494@origenceteam697651.testinator.com,user133-312494
user134-312494@origenceteam697651.testinator.com,user134-312494
user135-312494@origenceteam697651.testinator.com,user135-312494
user136-312494@origenceteam697651.testinator.com,user136-312494
user137-312494@origenceteam697651.testinator.com,user137-312494
user138-312494@origenceteam697651.testinator.com,user138-312494
user139-312494@origenceteam697651.testinator.com,user139-312494
user140-312494@origenceteam697651.testinator.com,user140-312494
user141-312494@origenceteam697651.testinator.com,user141-312494
user142-312494@origenceteam697651.testinator.com,user142-312494
user143-312494@origenceteam697651.testinator.com,user143-312494
user144-312494@origenceteam697651.testinator.com,user144-312494
user145-312494@origenceteam697651.testinator.com,user145-312494
user146-312494@origenceteam697651.testinator.com,user146-312494
user147-312494@origenceteam697651.testinator.com,user147-312494
user148-312494@origenceteam697651.testinator.com,user148-312494
user149-312494@origenceteam697651.testinator.com,user149-312494
user150-312494@origenceteam697651.testinator.com,user150-312494
user151-312494@origenceteam697651.testinator.com,user151-312494
user152-312494@origenceteam697651.testinator.com,user152-312494
user153-312494@origenceteam697651.testinator.com,user153-312494
user154-312494@origenceteam697651.testinator.com,user154-312494
user155-312494@origenceteam697651.testinator.com,user155-312494
user156-312494@origenceteam697651.testinator.com,user156-312494
user157-312494@origenceteam697651.testinator.com,user157-312494
user158-312494@origenceteam697651.testinator.com,user158-312494
user159-312494@origenceteam697651.testinator.com,user159-312494
user160-312494@origenceteam697651.testinator.com,user160-312494
user161-312494@origenceteam697651.testinator.com,user161-312494
user162-312494@origenceteam697651.testinator.com,user162-312494
user163-312494@origenceteam697651.testinator.com,user163-312494
user164-312494@origenceteam697651.testinator.com,user164-312494
user165-312494@origenceteam697651.testinator.com,user165-312494
user166-312494@origenceteam697651.testinator.com,user166-312494
user167-312494@origenceteam697651.testinator.com,user167-312494
user168-312494@origenceteam697651.testinator.com,user168-312494
user169-312494@origenceteam697651.testinator.com,user169-312494
user170-312494@origenceteam697651.testinator.com,user170-312494
user171-312494@origenceteam697651.testinator.com,user171-312494
user172-312494@origenceteam697651.testinator.com,user172-312494
user173-312494@origenceteam697651.testinator.com,user173-312494
user174-312494@origenceteam697651.testinator.com,user174-312494
user175-312494@origenceteam697651.testinator.com,user175-312494
user176-312494@origenceteam697651.testinator.com,user176-312494
user177-312494@origenceteam697651.testinator.com,user177-312494
user178-312494@origenceteam697651.testinator.com,user178-312494
user179-312494@origenceteam697651.testinator.com,user179-312494
user180-312494@origenceteam697651.testinator.com,user180-312494
user181-312494@origenceteam697651.testinator.com,user181-312494
user182-312494@origenceteam697651.testinator.com,user182-312494
user183-312494@origenceteam697651.testinator.com,user183-312494
user184-312494@origenceteam697651.testinator.com,user184-312494
user185-312494@origenceteam697651.testinator.com,user185-312494
user186-312494@origenceteam697651.testinator.com,user186-312494
user187-312494@origenceteam697651.testinator.com,user187-312494
user188-312494@origenceteam697651.testinator.com,user188-312494
user189-312494@origenceteam697651.testinator.com,user189-312494
user190-312494@origenceteam697651.testinator.com,user190-312494
user191-312494@origenceteam697651.testinator.com,user191-312494
user192-312494@origenceteam697651.testinator.com,user192-312494
user193-312494@origenceteam697651.testinator.com,user193-312494
user194-312494@origenceteam697651.testinator.com,user194-312494
user195-312494@origenceteam697651.testinator.com,user195-312494
user196-312494@origenceteam697651.testinator.com,user196-312494
user197-312494@origenceteam697651.testinator.com,user197-312494
user198-312494@origenceteam697651.testinator.com,user198-312494
user199-312494@origenceteam697651.testinator.com,user199-312494
user200-312494@origenceteam697651.testinator.com,user200-312494
user001-312495@origenceteam697651.testinator.com,user001-312495
user002-312495@origenceteam697651.testinator.com,user002-312495
user003-312495@origenceteam697651.testinator.com,user003-312495
user004-312495@origenceteam697651.testinator.com,user004-312495
user005-312495@origenceteam697651.testinator.com,user005-312495
user006-312495@origenceteam697651.testinator.com,user006-312495
user007-312495@origenceteam697651.testinator.com,user007-312495
user008-312495@origenceteam697651.testinator.com,user008-312495
user009-312495@origenceteam697651.testinator.com,user009-312495
user010-312495@origenceteam697651.testinator.com,user010-312495
user011-312495@origenceteam697651.testinator.com,user011-312495
user012-312495@origenceteam697651.testinator.com,user012-312495
user013-312495@origenceteam697651.testinator.com,user013-312495
user014-312495@origenceteam697651.testinator.com,user014-312495
user015-312495@origenceteam697651.testinator.com,user015-312495
user016-312495@origenceteam697651.testinator.com,user016-312495
user017-312495@origenceteam697651.testinator.com,user017-312495
user018-312495@origenceteam697651.testinator.com,user018-312495
user019-312495@origenceteam697651.testinator.com,user019-312495
user020-312495@origenceteam697651.testinator.com,user020-312495
user021-312495@origenceteam697651.testinator.com,user021-312495
user022-312495@origenceteam697651.testinator.com,user022-312495
user023-312495@origenceteam697651.testinator.com,user023-312495
user024-312495@origenceteam697651.testinator.com,user024-312495
user025-312495@origenceteam697651.testinator.com,user025-312495
user026-312495@origenceteam697651.testinator.com,user026-312495
user027-312495@origenceteam697651.testinator.com,user027-312495
user028-312495@origenceteam697651.testinator.com,user028-312495
user029-312495@origenceteam697651.testinator.com,user029-312495
user030-312495@origenceteam697651.testinator.com,user030-312495
user031-312495@origenceteam697651.testinator.com,user031-312495
user032-312495@origenceteam697651.testinator.com,user032-312495
user033-312495@origenceteam697651.testinator.com,user033-312495
user034-312495@origenceteam697651.testinator.com,user034-312495
user035-312495@origenceteam697651.testinator.com,user035-312495
user036-312495@origenceteam697651.testinator.com,user036-312495
user037-312495@origenceteam697651.testinator.com,user037-312495
user038-312495@origenceteam697651.testinator.com,user038-312495
user039-312495@origenceteam697651.testinator.com,user039-312495
user040-312495@origenceteam697651.testinator.com,user040-312495
user041-312495@origenceteam697651.testinator.com,user041-312495
user042-312495@origenceteam697651.testinator.com,user042-312495
user043-312495@origenceteam697651.testinator.com,user043-312495
user044-312495@origenceteam697651.testinator.com,user044-312495
user045-312495@origenceteam697651.testinator.com,user045-312495
user046-312495@origenceteam697651.testinator.com,user046-312495
user047-312495@origenceteam697651.testinator.com,user047-312495
user048-312495@origenceteam697651.testinator.com,user048-312495
user049-312495@origenceteam697651.testinator.com,user049-312495
user050-312495@origenceteam697651.testinator.com,user050-312495
user051-312495@origenceteam697651.testinator.com,user051-312495
user052-312495@origenceteam697651.testinator.com,user052-312495
user053-312495@origenceteam697651.testinator.com,user053-312495
user054-312495@origenceteam697651.testinator.com,user054-312495
user055-312495@origenceteam697651.testinator.com,user055-312495
user056-312495@origenceteam697651.testinator.com,user056-312495
user057-312495@origenceteam697651.testinator.com,user057-312495
user058-312495@origenceteam697651.testinator.com,user058-312495
user059-312495@origenceteam697651.testinator.com,user059-312495
user060-312495@origenceteam697651.testinator.com,user060-312495
user061-312495@origenceteam697651.testinator.com,user061-312495
user062-312495@origenceteam697651.testinator.com,user062-312495
user063-312495@origenceteam697651.testinator.com,user063-312495
user064-312495@origenceteam697651.testinator.com,user064-312495
user065-312495@origenceteam697651.testinator.com,user065-312495
user066-312495@origenceteam697651.testinator.com,user066-312495
user067-312495@origenceteam697651.testinator.com,user067-312495
user068-312495@origenceteam697651.testinator.com,user068-312495
user069-312495@origenceteam697651.testinator.com,user069-312495
user070-312495@origenceteam697651.testinator.com,user070-312495
user071-312495@origenceteam697651.testinator.com,user071-312495
user072-312495@origenceteam697651.testinator.com,user072-312495
user073-312495@origenceteam697651.testinator.com,user073-312495
user074-312495@origenceteam697651.testinator.com,user074-312495
user075-312495@origenceteam697651.testinator.com,user075-312495
user076-312495@origenceteam697651.testinator.com,user076-312495
user077-312495@origenceteam697651.testinator.com,user077-312495
user078-312495@origenceteam697651.testinator.com,user078-312495
user079-312495@origenceteam697651.testinator.com,user079-312495
user080-312495@origenceteam697651.testinator.com,user080-312495
user081-312495@origenceteam697651.testinator.com,user081-312495
user082-312495@origenceteam697651.testinator.com,user082-312495
user083-312495@origenceteam697651.testinator.com,user083-312495
user084-312495@origenceteam697651.testinator.com,user084-312495
user085-312495@origenceteam697651.testinator.com,user085-312495
user086-312495@origenceteam697651.testinator.com,user086-312495
user087-312495@origenceteam697651.testinator.com,user087-312495
user088-312495@origenceteam697651.testinator.com,user088-312495
user089-312495@origenceteam697651.testinator.com,user089-312495
user090-312495@origenceteam697651.testinator.com,user090-312495
user091-312495@origenceteam697651.testinator.com,user091-312495
user092-312495@origenceteam697651.testinator.com,user092-312495
user093-312495@origenceteam697651.testinator.com,user093-312495
user094-312495@origenceteam697651.testinator.com,user094-312495
user095-312495@origenceteam697651.testinator.com,user095-312495
user096-312495@origenceteam697651.testinator.com,user096-312495
user097-312495@origenceteam697651.testinator.com,user097-312495
user098-312495@origenceteam697651.testinator.com,user098-312495
user099-312495@origenceteam697651.testinator.com,user099-312495
user100-312495@origenceteam697651.testinator.com,user100-312495
user101-312495@origenceteam697651.testinator.com,user101-312495
user102-312495@origenceteam697651.testinator.com,user102-312495
user103-312495@origenceteam697651.testinator.com,user103-312495
user104-312495@origenceteam697651.testinator.com,user104-312495
user105-312495@origenceteam697651.testinator.com,user105-312495
user106-312495@origenceteam697651.testinator.com,user106-312495
user107-312495@origenceteam697651.testinator.com,user107-312495
user108-312495@origenceteam697651.testinator.com,user108-312495
user109-312495@origenceteam697651.testinator.com,user109-312495
user110-312495@origenceteam697651.testinator.com,user110-312495
user111-312495@origenceteam697651.testinator.com,user111-312495
user112-312495@origenceteam697651.testinator.com,user112-312495
user113-312495@origenceteam697651.testinator.com,user113-312495
user114-312495@origenceteam697651.testinator.com,user114-312495
user115-312495@origenceteam697651.testinator.com,user115-312495
user116-312495@origenceteam697651.testinator.com,user116-312495
user117-312495@origenceteam697651.testinator.com,user117-312495
user118-312495@origenceteam697651.testinator.com,user118-312495
user119-312495@origenceteam697651.testinator.com,user119-312495
user120-312495@origenceteam697651.testinator.com,user120-312495
user121-312495@origenceteam697651.testinator.com,user121-312495
user122-312495@origenceteam697651.testinator.com,user122-312495
user123-312495@origenceteam697651.testinator.com,user123-312495
user124-312495@origenceteam697651.testinator.com,user124-312495
user125-312495@origenceteam697651.testinator.com,user125-312495
user126-312495@origenceteam697651.testinator.com,user126-312495
user127-312495@origenceteam697651.testinator.com,user127-312495
user128-312495@origenceteam697651.testinator.com,user128-312495
user129-312495@origenceteam697651.testinator.com,user129-312495
user130-312495@origenceteam697651.testinator.com,user130-312495
user131-312495@origenceteam697651.testinator.com,user131-312495
user132-312495@origenceteam697651.testinator.com,user132-312495
user133-312495@origenceteam697651.testinator.com,user133-312495
user134-312495@origenceteam697651.testinator.com,user134-312495
user135-312495@origenceteam697651.testinator.com,user135-312495
user136-312495@origenceteam697651.testinator.com,user136-312495
user137-312495@origenceteam697651.testinator.com,user137-312495
user138-312495@origenceteam697651.testinator.com,user138-312495
user139-312495@origenceteam697651.testinator.com,user139-312495
user140-312495@origenceteam697651.testinator.com,user140-312495
user141-312495@origenceteam697651.testinator.com,user141-312495
user142-312495@origenceteam697651.testinator.com,user142-312495
user143-312495@origenceteam697651.testinator.com,user143-312495
user144-312495@origenceteam697651.testinator.com,user144-312495
user145-312495@origenceteam697651.testinator.com,user145-312495
user146-312495@origenceteam697651.testinator.com,user146-312495
user147-312495@origenceteam697651.testinator.com,user147-312495
user148-312495@origenceteam697651.testinator.com,user148-312495
user149-312495@origenceteam697651.testinator.com,user149-312495
user150-312495@origenceteam697651.testinator.com,user150-312495
user151-312495@origenceteam697651.testinator.com,user151-312495
user152-312495@origenceteam697651.testinator.com,user152-312495
user153-312495@origenceteam697651.testinator.com,user153-312495
user154-312495@origenceteam697651.testinator.com,user154-312495
user155-312495@origenceteam697651.testinator.com,user155-312495
user156-312495@origenceteam697651.testinator.com,user156-312495
user157-312495@origenceteam697651.testinator.com,user157-312495
user158-312495@origenceteam697651.testinator.com,user158-312495
user159-312495@origenceteam697651.testinator.com,user159-312495
user160-312495@origenceteam697651.testinator.com,user160-312495
user161-312495@origenceteam697651.testinator.com,user161-312495
user162-312495@origenceteam697651.testinator.com,user162-312495
user163-312495@origenceteam697651.testinator.com,user163-312495
user164-312495@origenceteam697651.testinator.com,user164-312495
user165-312495@origenceteam697651.testinator.com,user165-312495
user166-312495@origenceteam697651.testinator.com,user166-312495
user167-312495@origenceteam697651.testinator.com,user167-312495
user168-312495@origenceteam697651.testinator.com,user168-312495
user169-312495@origenceteam697651.testinator.com,user169-312495
user170-312495@origenceteam697651.testinator.com,user170-312495
user171-312495@origenceteam697651.testinator.com,user171-312495
user172-312495@origenceteam697651.testinator.com,user172-312495
user173-312495@origenceteam697651.testinator.com,user173-312495
user174-312495@origenceteam697651.testinator.com,user174-312495
user175-312495@origenceteam697651.testinator.com,user175-312495
user176-312495@origenceteam697651.testinator.com,user176-312495
user177-312495@origenceteam697651.testinator.com,user177-312495
user178-312495@origenceteam697651.testinator.com,user178-312495
user179-312495@origenceteam697651.testinator.com,user179-312495
user180-312495@origenceteam697651.testinator.com,user180-312495
user181-312495@origenceteam697651.testinator.com,user181-312495
user182-312495@origenceteam697651.testinator.com,user182-312495
user183-312495@origenceteam697651.testinator.com,user183-312495
user184-312495@origenceteam697651.testinator.com,user184-312495
user185-312495@origenceteam697651.testinator.com,user185-312495
user186-312495@origenceteam697651.testinator.com,user186-312495
user187-312495@origenceteam697651.testinator.com,user187-312495
user188-312495@origenceteam697651.testinator.com,user188-312495
user189-312495@origenceteam697651.testinator.com,user189-312495
user190-312495@origenceteam697651.testinator.com,user190-312495
user191-312495@origenceteam697651.testinator.com,user191-312495
user192-312495@origenceteam697651.testinator.com,user192-312495
user193-312495@origenceteam697651.testinator.com,user193-312495
user194-312495@origenceteam697651.testinator.com,user194-312495
user195-312495@origenceteam697651.testinator.com,user195-312495
user196-312495@origenceteam697651.testinator.com,user196-312495
user197-312495@origenceteam697651.testinator.com,user197-312495
user198-312495@origenceteam697651.testinator.com,user198-312495
user199-312495@origenceteam697651.testinator.com,user199-312495
user200-312495@origenceteam697651.testinator.com,user200-312495
user001-312563@origenceteam697651.testinator.com,user001-312563
user002-312563@origenceteam697651.testinator.com,user002-312563
user003-312563@origenceteam697651.testinator.com,user003-312563
user004-312563@origenceteam697651.testinator.com,user004-312563
user005-312563@origenceteam697651.testinator.com,user005-312563
user006-312563@origenceteam697651.testinator.com,user006-312563
user007-312563@origenceteam697651.testinator.com,user007-312563
user008-312563@origenceteam697651.testinator.com,user008-312563
user009-312563@origenceteam697651.testinator.com,user009-312563
user010-312563@origenceteam697651.testinator.com,user010-312563
user011-312563@origenceteam697651.testinator.com,user011-312563
user012-312563@origenceteam697651.testinator.com,user012-312563
user013-312563@origenceteam697651.testinator.com,user013-312563
user014-312563@origenceteam697651.testinator.com,user014-312563
user015-312563@origenceteam697651.testinator.com,user015-312563
user016-312563@origenceteam697651.testinator.com,user016-312563
user017-312563@origenceteam697651.testinator.com,user017-312563
user018-312563@origenceteam697651.testinator.com,user018-312563
user019-312563@origenceteam697651.testinator.com,user019-312563
user020-312563@origenceteam697651.testinator.com,user020-312563
user021-312563@origenceteam697651.testinator.com,user021-312563
user022-312563@origenceteam697651.testinator.com,user022-312563
user023-312563@origenceteam697651.testinator.com,user023-312563
user024-312563@origenceteam697651.testinator.com,user024-312563
user025-312563@origenceteam697651.testinator.com,user025-312563
user026-312563@origenceteam697651.testinator.com,user026-312563
user027-312563@origenceteam697651.testinator.com,user027-312563
user028-312563@origenceteam697651.testinator.com,user028-312563
user029-312563@origenceteam697651.testinator.com,user029-312563
user030-312563@origenceteam697651.testinator.com,user030-312563
user031-312563@origenceteam697651.testinator.com,user031-312563
user032-312563@origenceteam697651.testinator.com,user032-312563
user033-312563@origenceteam697651.testinator.com,user033-312563
user034-312563@origenceteam697651.testinator.com,user034-312563
user035-312563@origenceteam697651.testinator.com,user035-312563
user036-312563@origenceteam697651.testinator.com,user036-312563
user037-312563@origenceteam697651.testinator.com,user037-312563
user038-312563@origenceteam697651.testinator.com,user038-312563
user039-312563@origenceteam697651.testinator.com,user039-312563
user040-312563@origenceteam697651.testinator.com,user040-312563
user041-312563@origenceteam697651.testinator.com,user041-312563
user042-312563@origenceteam697651.testinator.com,user042-312563
user043-312563@origenceteam697651.testinator.com,user043-312563
user044-312563@origenceteam697651.testinator.com,user044-312563
user045-312563@origenceteam697651.testinator.com,user045-312563
user046-312563@origenceteam697651.testinator.com,user046-312563
user047-312563@origenceteam697651.testinator.com,user047-312563
user048-312563@origenceteam697651.testinator.com,user048-312563
user049-312563@origenceteam697651.testinator.com,user049-312563
user050-312563@origenceteam697651.testinator.com,user050-312563
user051-312563@origenceteam697651.testinator.com,user051-312563
user052-312563@origenceteam697651.testinator.com,user052-312563
user053-312563@origenceteam697651.testinator.com,user053-312563
user054-312563@origenceteam697651.testinator.com,user054-312563
user055-312563@origenceteam697651.testinator.com,user055-312563
user056-312563@origenceteam697651.testinator.com,user056-312563
user057-312563@origenceteam697651.testinator.com,user057-312563
user058-312563@origenceteam697651.testinator.com,user058-312563
user059-312563@origenceteam697651.testinator.com,user059-312563
user060-312563@origenceteam697651.testinator.com,user060-312563
user061-312563@origenceteam697651.testinator.com,user061-312563
user062-312563@origenceteam697651.testinator.com,user062-312563
user063-312563@origenceteam697651.testinator.com,user063-312563
user064-312563@origenceteam697651.testinator.com,user064-312563
user065-312563@origenceteam697651.testinator.com,user065-312563
user066-312563@origenceteam697651.testinator.com,user066-312563
user067-312563@origenceteam697651.testinator.com,user067-312563
user068-312563@origenceteam697651.testinator.com,user068-312563
user069-312563@origenceteam697651.testinator.com,user069-312563
user070-312563@origenceteam697651.testinator.com,user070-312563
user071-312563@origenceteam697651.testinator.com,user071-312563
user072-312563@origenceteam697651.testinator.com,user072-312563
user073-312563@origenceteam697651.testinator.com,user073-312563
user074-312563@origenceteam697651.testinator.com,user074-312563
user075-312563@origenceteam697651.testinator.com,user075-312563
user076-312563@origenceteam697651.testinator.com,user076-312563
user077-312563@origenceteam697651.testinator.com,user077-312563
user078-312563@origenceteam697651.testinator.com,user078-312563
user079-312563@origenceteam697651.testinator.com,user079-312563
user080-312563@origenceteam697651.testinator.com,user080-312563
user081-312563@origenceteam697651.testinator.com,user081-312563
user082-312563@origenceteam697651.testinator.com,user082-312563
user083-312563@origenceteam697651.testinator.com,user083-312563
user084-312563@origenceteam697651.testinator.com,user084-312563
user085-312563@origenceteam697651.testinator.com,user085-312563
user086-312563@origenceteam697651.testinator.com,user086-312563
user087-312563@origenceteam697651.testinator.com,user087-312563
user088-312563@origenceteam697651.testinator.com,user088-312563
user089-312563@origenceteam697651.testinator.com,user089-312563
user090-312563@origenceteam697651.testinator.com,user090-312563
user091-312563@origenceteam697651.testinator.com,user091-312563
user092-312563@origenceteam697651.testinator.com,user092-312563
user093-312563@origenceteam697651.testinator.com,user093-312563
user094-312563@origenceteam697651.testinator.com,user094-312563
user095-312563@origenceteam697651.testinator.com,user095-312563
user096-312563@origenceteam697651.testinator.com,user096-312563
user097-312563@origenceteam697651.testinator.com,user097-312563
user098-312563@origenceteam697651.testinator.com,user098-312563
user099-312563@origenceteam697651.testinator.com,user099-312563
user100-312563@origenceteam697651.testinator.com,user100-312563
user101-312563@origenceteam697651.testinator.com,user101-312563
user102-312563@origenceteam697651.testinator.com,user102-312563
user103-312563@origenceteam697651.testinator.com,user103-312563
user104-312563@origenceteam697651.testinator.com,user104-312563
user105-312563@origenceteam697651.testinator.com,user105-312563
user106-312563@origenceteam697651.testinator.com,user106-312563
user107-312563@origenceteam697651.testinator.com,user107-312563
user108-312563@origenceteam697651.testinator.com,user108-312563
user109-312563@origenceteam697651.testinator.com,user109-312563
user110-312563@origenceteam697651.testinator.com,user110-312563
user111-312563@origenceteam697651.testinator.com,user111-312563
user112-312563@origenceteam697651.testinator.com,user112-312563
user113-312563@origenceteam697651.testinator.com,user113-312563
user114-312563@origenceteam697651.testinator.com,user114-312563
user115-312563@origenceteam697651.testinator.com,user115-312563
user116-312563@origenceteam697651.testinator.com,user116-312563
user117-312563@origenceteam697651.testinator.com,user117-312563
user118-312563@origenceteam697651.testinator.com,user118-312563
user119-312563@origenceteam697651.testinator.com,user119-312563
user120-312563@origenceteam697651.testinator.com,user120-312563
user121-312563@origenceteam697651.testinator.com,user121-312563
user122-312563@origenceteam697651.testinator.com,user122-312563
user123-312563@origenceteam697651.testinator.com,user123-312563
user124-312563@origenceteam697651.testinator.com,user124-312563
user125-312563@origenceteam697651.testinator.com,user125-312563
user126-312563@origenceteam697651.testinator.com,user126-312563
user127-312563@origenceteam697651.testinator.com,user127-312563
user128-312563@origenceteam697651.testinator.com,user128-312563
user129-312563@origenceteam697651.testinator.com,user129-312563
user130-312563@origenceteam697651.testinator.com,user130-312563
user131-312563@origenceteam697651.testinator.com,user131-312563
user132-312563@origenceteam697651.testinator.com,user132-312563
user133-312563@origenceteam697651.testinator.com,user133-312563
user134-312563@origenceteam697651.testinator.com,user134-312563
user135-312563@origenceteam697651.testinator.com,user135-312563
user136-312563@origenceteam697651.testinator.com,user136-312563
user137-312563@origenceteam697651.testinator.com,user137-312563
user138-312563@origenceteam697651.testinator.com,user138-312563
user139-312563@origenceteam697651.testinator.com,user139-312563
user140-312563@origenceteam697651.testinator.com,user140-312563
user141-312563@origenceteam697651.testinator.com,user141-312563
user142-312563@origenceteam697651.testinator.com,user142-312563
user143-312563@origenceteam697651.testinator.com,user143-312563
user144-312563@origenceteam697651.testinator.com,user144-312563
user145-312563@origenceteam697651.testinator.com,user145-312563
user146-312563@origenceteam697651.testinator.com,user146-312563
user147-312563@origenceteam697651.testinator.com,user147-312563
user148-312563@origenceteam697651.testinator.com,user148-312563
user149-312563@origenceteam697651.testinator.com,user149-312563
user150-312563@origenceteam697651.testinator.com,user150-312563
user151-312563@origenceteam697651.testinator.com,user151-312563
user152-312563@origenceteam697651.testinator.com,user152-312563
user153-312563@origenceteam697651.testinator.com,user153-312563
user154-312563@origenceteam697651.testinator.com,user154-312563
user155-312563@origenceteam697651.testinator.com,user155-312563
user156-312563@origenceteam697651.testinator.com,user156-312563
user157-312563@origenceteam697651.testinator.com,user157-312563
user158-312563@origenceteam697651.testinator.com,user158-312563
user159-312563@origenceteam697651.testinator.com,user159-312563
user160-312563@origenceteam697651.testinator.com,user160-312563
user161-312563@origenceteam697651.testinator.com,user161-312563
user162-312563@origenceteam697651.testinator.com,user162-312563
user163-312563@origenceteam697651.testinator.com,user163-312563
user164-312563@origenceteam697651.testinator.com,user164-312563
user165-312563@origenceteam697651.testinator.com,user165-312563
user166-312563@origenceteam697651.testinator.com,user166-312563
user167-312563@origenceteam697651.testinator.com,user167-312563
user168-312563@origenceteam697651.testinator.com,user168-312563
user169-312563@origenceteam697651.testinator.com,user169-312563
user170-312563@origenceteam697651.testinator.com,user170-312563
user171-312563@origenceteam697651.testinator.com,user171-312563
user172-312563@origenceteam697651.testinator.com,user172-312563
user173-312563@origenceteam697651.testinator.com,user173-312563
user174-312563@origenceteam697651.testinator.com,user174-312563
user175-312563@origenceteam697651.testinator.com,user175-312563
user176-312563@origenceteam697651.testinator.com,user176-312563
user177-312563@origenceteam697651.testinator.com,user177-312563
user178-312563@origenceteam697651.testinator.com,user178-312563
user179-312563@origenceteam697651.testinator.com,user179-312563
user180-312563@origenceteam697651.testinator.com,user180-312563
user181-312563@origenceteam697651.testinator.com,user181-312563
user182-312563@origenceteam697651.testinator.com,user182-312563
user183-312563@origenceteam697651.testinator.com,user183-312563
user184-312563@origenceteam697651.testinator.com,user184-312563
user185-312563@origenceteam697651.testinator.com,user185-312563
user186-312563@origenceteam697651.testinator.com,user186-312563
user187-312563@origenceteam697651.testinator.com,user187-312563
user188-312563@origenceteam697651.testinator.com,user188-312563
user189-312563@origenceteam697651.testinator.com,user189-312563
user190-312563@origenceteam697651.testinator.com,user190-312563
user191-312563@origenceteam697651.testinator.com,user191-312563
user192-312563@origenceteam697651.testinator.com,user192-312563
user193-312563@origenceteam697651.testinator.com,user193-312563
user194-312563@origenceteam697651.testinator.com,user194-312563
user195-312563@origenceteam697651.testinator.com,user195-312563
user196-312563@origenceteam697651.testinator.com,user196-312563
user197-312563@origenceteam697651.testinator.com,user197-312563
user198-312563@origenceteam697651.testinator.com,user198-312563
user199-312563@origenceteam697651.testinator.com,user199-312563
user200-312563@origenceteam697651.testinator.com,user200-312563
user001-312585@origenceteam697651.testinator.com,user001-312585
user002-312585@origenceteam697651.testinator.com,user002-312585
user003-312585@origenceteam697651.testinator.com,user003-312585
user004-312585@origenceteam697651.testinator.com,user004-312585
user005-312585@origenceteam697651.testinator.com,user005-312585
user006-312585@origenceteam697651.testinator.com,user006-312585
user007-312585@origenceteam697651.testinator.com,user007-312585
user008-312585@origenceteam697651.testinator.com,user008-312585
user009-312585@origenceteam697651.testinator.com,user009-312585
user010-312585@origenceteam697651.testinator.com,user010-312585
user011-312585@origenceteam697651.testinator.com,user011-312585
user012-312585@origenceteam697651.testinator.com,user012-312585
user013-312585@origenceteam697651.testinator.com,user013-312585
user014-312585@origenceteam697651.testinator.com,user014-312585
user015-312585@origenceteam697651.testinator.com,user015-312585
user016-312585@origenceteam697651.testinator.com,user016-312585
user017-312585@origenceteam697651.testinator.com,user017-312585
user018-312585@origenceteam697651.testinator.com,user018-312585
user019-312585@origenceteam697651.testinator.com,user019-312585
user020-312585@origenceteam697651.testinator.com,user020-312585
user021-312585@origenceteam697651.testinator.com,user021-312585
user022-312585@origenceteam697651.testinator.com,user022-312585
user023-312585@origenceteam697651.testinator.com,user023-312585
user024-312585@origenceteam697651.testinator.com,user024-312585
user025-312585@origenceteam697651.testinator.com,user025-312585
user026-312585@origenceteam697651.testinator.com,user026-312585
user027-312585@origenceteam697651.testinator.com,user027-312585
user028-312585@origenceteam697651.testinator.com,user028-312585
user029-312585@origenceteam697651.testinator.com,user029-312585
user030-312585@origenceteam697651.testinator.com,user030-312585
user031-312585@origenceteam697651.testinator.com,user031-312585
user032-312585@origenceteam697651.testinator.com,user032-312585
user033-312585@origenceteam697651.testinator.com,user033-312585
user034-312585@origenceteam697651.testinator.com,user034-312585
user035-312585@origenceteam697651.testinator.com,user035-312585
user036-312585@origenceteam697651.testinator.com,user036-312585
user037-312585@origenceteam697651.testinator.com,user037-312585
user038-312585@origenceteam697651.testinator.com,user038-312585
user039-312585@origenceteam697651.testinator.com,user039-312585
user040-312585@origenceteam697651.testinator.com,user040-312585
user041-312585@origenceteam697651.testinator.com,user041-312585
user042-312585@origenceteam697651.testinator.com,user042-312585
user043-312585@origenceteam697651.testinator.com,user043-312585
user044-312585@origenceteam697651.testinator.com,user044-312585
user045-312585@origenceteam697651.testinator.com,user045-312585
user046-312585@origenceteam697651.testinator.com,user046-312585
user047-312585@origenceteam697651.testinator.com,user047-312585
user048-312585@origenceteam697651.testinator.com,user048-312585
user049-312585@origenceteam697651.testinator.com,user049-312585
user050-312585@origenceteam697651.testinator.com,user050-312585
user051-312585@origenceteam697651.testinator.com,user051-312585
user052-312585@origenceteam697651.testinator.com,user052-312585
user053-312585@origenceteam697651.testinator.com,user053-312585
user054-312585@origenceteam697651.testinator.com,user054-312585
user055-312585@origenceteam697651.testinator.com,user055-312585
user056-312585@origenceteam697651.testinator.com,user056-312585
user057-312585@origenceteam697651.testinator.com,user057-312585
user058-312585@origenceteam697651.testinator.com,user058-312585
user059-312585@origenceteam697651.testinator.com,user059-312585
user060-312585@origenceteam697651.testinator.com,user060-312585
user061-312585@origenceteam697651.testinator.com,user061-312585
user062-312585@origenceteam697651.testinator.com,user062-312585
user063-312585@origenceteam697651.testinator.com,user063-312585
user064-312585@origenceteam697651.testinator.com,user064-312585
user065-312585@origenceteam697651.testinator.com,user065-312585
user066-312585@origenceteam697651.testinator.com,user066-312585
user067-312585@origenceteam697651.testinator.com,user067-312585
user068-312585@origenceteam697651.testinator.com,user068-312585
user069-312585@origenceteam697651.testinator.com,user069-312585
user070-312585@origenceteam697651.testinator.com,user070-312585
user071-312585@origenceteam697651.testinator.com,user071-312585
user072-312585@origenceteam697651.testinator.com,user072-312585
user073-312585@origenceteam697651.testinator.com,user073-312585
user074-312585@origenceteam697651.testinator.com,user074-312585
user075-312585@origenceteam697651.testinator.com,user075-312585
user076-312585@origenceteam697651.testinator.com,user076-312585
user077-312585@origenceteam697651.testinator.com,user077-312585
user078-312585@origenceteam697651.testinator.com,user078-312585
user079-312585@origenceteam697651.testinator.com,user079-312585
user080-312585@origenceteam697651.testinator.com,user080-312585
user081-312585@origenceteam697651.testinator.com,user081-312585
user082-312585@origenceteam697651.testinator.com,user082-312585
user083-312585@origenceteam697651.testinator.com,user083-312585
user084-312585@origenceteam697651.testinator.com,user084-312585
user085-312585@origenceteam697651.testinator.com,user085-312585
user086-312585@origenceteam697651.testinator.com,user086-312585
user087-312585@origenceteam697651.testinator.com,user087-312585
user088-312585@origenceteam697651.testinator.com,user088-312585
user089-312585@origenceteam697651.testinator.com,user089-312585
user090-312585@origenceteam697651.testinator.com,user090-312585
user091-312585@origenceteam697651.testinator.com,user091-312585
user092-312585@origenceteam697651.testinator.com,user092-312585
user093-312585@origenceteam697651.testinator.com,user093-312585
user094-312585@origenceteam697651.testinator.com,user094-312585
user095-312585@origenceteam697651.testinator.com,user095-312585
user096-312585@origenceteam697651.testinator.com,user096-312585
user097-312585@origenceteam697651.testinator.com,user097-312585
user098-312585@origenceteam697651.testinator.com,user098-312585
user099-312585@origenceteam697651.testinator.com,user099-312585
user100-312585@origenceteam697651.testinator.com,user100-312585
user101-312585@origenceteam697651.testinator.com,user101-312585
user102-312585@origenceteam697651.testinator.com,user102-312585
user103-312585@origenceteam697651.testinator.com,user103-312585
user104-312585@origenceteam697651.testinator.com,user104-312585
user105-312585@origenceteam697651.testinator.com,user105-312585
user106-312585@origenceteam697651.testinator.com,user106-312585
user107-312585@origenceteam697651.testinator.com,user107-312585
user108-312585@origenceteam697651.testinator.com,user108-312585
user109-312585@origenceteam697651.testinator.com,user109-312585
user110-312585@origenceteam697651.testinator.com,user110-312585
user111-312585@origenceteam697651.testinator.com,user111-312585
user112-312585@origenceteam697651.testinator.com,user112-312585
user113-312585@origenceteam697651.testinator.com,user113-312585
user114-312585@origenceteam697651.testinator.com,user114-312585
user115-312585@origenceteam697651.testinator.com,user115-312585
user116-312585@origenceteam697651.testinator.com,user116-312585
user117-312585@origenceteam697651.testinator.com,user117-312585
user118-312585@origenceteam697651.testinator.com,user118-312585
user119-312585@origenceteam697651.testinator.com,user119-312585
user120-312585@origenceteam697651.testinator.com,user120-312585
user121-312585@origenceteam697651.testinator.com,user121-312585
user122-312585@origenceteam697651.testinator.com,user122-312585
user123-312585@origenceteam697651.testinator.com,user123-312585
user124-312585@origenceteam697651.testinator.com,user124-312585
user125-312585@origenceteam697651.testinator.com,user125-312585
user126-312585@origenceteam697651.testinator.com,user126-312585
user127-312585@origenceteam697651.testinator.com,user127-312585
user128-312585@origenceteam697651.testinator.com,user128-312585
user129-312585@origenceteam697651.testinator.com,user129-312585
user130-312585@origenceteam697651.testinator.com,user130-312585
user131-312585@origenceteam697651.testinator.com,user131-312585
user132-312585@origenceteam697651.testinator.com,user132-312585
user133-312585@origenceteam697651.testinator.com,user133-312585
user134-312585@origenceteam697651.testinator.com,user134-312585
user135-312585@origenceteam697651.testinator.com,user135-312585
user136-312585@origenceteam697651.testinator.com,user136-312585
user137-312585@origenceteam697651.testinator.com,user137-312585
user138-312585@origenceteam697651.testinator.com,user138-312585
user139-312585@origenceteam697651.testinator.com,user139-312585
user140-312585@origenceteam697651.testinator.com,user140-312585
user141-312585@origenceteam697651.testinator.com,user141-312585
user142-312585@origenceteam697651.testinator.com,user142-312585
user143-312585@origenceteam697651.testinator.com,user143-312585
user144-312585@origenceteam697651.testinator.com,user144-312585
user145-312585@origenceteam697651.testinator.com,user145-312585
user146-312585@origenceteam697651.testinator.com,user146-312585
user147-312585@origenceteam697651.testinator.com,user147-312585
user148-312585@origenceteam697651.testinator.com,user148-312585
user149-312585@origenceteam697651.testinator.com,user149-312585
user150-312585@origenceteam697651.testinator.com,user150-312585
user151-312585@origenceteam697651.testinator.com,user151-312585
user152-312585@origenceteam697651.testinator.com,user152-312585
user153-312585@origenceteam697651.testinator.com,user153-312585
user154-312585@origenceteam697651.testinator.com,user154-312585
user155-312585@origenceteam697651.testinator.com,user155-312585
user156-312585@origenceteam697651.testinator.com,user156-312585
user157-312585@origenceteam697651.testinator.com,user157-312585
user158-312585@origenceteam697651.testinator.com,user158-312585
user159-312585@origenceteam697651.testinator.com,user159-312585
user160-312585@origenceteam697651.testinator.com,user160-312585
user161-312585@origenceteam697651.testinator.com,user161-312585
user162-312585@origenceteam697651.testinator.com,user162-312585
user163-312585@origenceteam697651.testinator.com,user163-312585
user164-312585@origenceteam697651.testinator.com,user164-312585
user165-312585@origenceteam697651.testinator.com,user165-312585
user166-312585@origenceteam697651.testinator.com,user166-312585
user167-312585@origenceteam697651.testinator.com,user167-312585
user168-312585@origenceteam697651.testinator.com,user168-312585
user169-312585@origenceteam697651.testinator.com,user169-312585
user170-312585@origenceteam697651.testinator.com,user170-312585
user171-312585@origenceteam697651.testinator.com,user171-312585
user172-312585@origenceteam697651.testinator.com,user172-312585
user173-312585@origenceteam697651.testinator.com,user173-312585
user174-312585@origenceteam697651.testinator.com,user174-312585
user175-312585@origenceteam697651.testinator.com,user175-312585
user176-312585@origenceteam697651.testinator.com,user176-312585
user177-312585@origenceteam697651.testinator.com,user177-312585
user178-312585@origenceteam697651.testinator.com,user178-312585
user179-312585@origenceteam697651.testinator.com,user179-312585
user180-312585@origenceteam697651.testinator.com,user180-312585
user181-312585@origenceteam697651.testinator.com,user181-312585
user182-312585@origenceteam697651.testinator.com,user182-312585
user183-312585@origenceteam697651.testinator.com,user183-312585
user184-312585@origenceteam697651.testinator.com,user184-312585
user185-312585@origenceteam697651.testinator.com,user185-312585
user186-312585@origenceteam697651.testinator.com,user186-312585
user187-312585@origenceteam697651.testinator.com,user187-312585
user188-312585@origenceteam697651.testinator.com,user188-312585
user189-312585@origenceteam697651.testinator.com,user189-312585
user190-312585@origenceteam697651.testinator.com,user190-312585
user191-312585@origenceteam697651.testinator.com,user191-312585
user192-312585@origenceteam697651.testinator.com,user192-312585
user193-312585@origenceteam697651.testinator.com,user193-312585
user194-312585@origenceteam697651.testinator.com,user194-312585
user195-312585@origenceteam697651.testinator.com,user195-312585
user196-312585@origenceteam697651.testinator.com,user196-312585
user197-312585@origenceteam697651.testinator.com,user197-312585
user198-312585@origenceteam697651.testinator.com,user198-312585
user199-312585@origenceteam697651.testinator.com,user199-312585
user200-312585@origenceteam697651.testinator.com,user200-312585
user001-312496@origenceteam697651.testinator.com,user001-312496
user002-312496@origenceteam697651.testinator.com,user002-312496
user003-312496@origenceteam697651.testinator.com,user003-312496
user004-312496@origenceteam697651.testinator.com,user004-312496
user005-312496@origenceteam697651.testinator.com,user005-312496
user006-312496@origenceteam697651.testinator.com,user006-312496
user007-312496@origenceteam697651.testinator.com,user007-312496
user008-312496@origenceteam697651.testinator.com,user008-312496
user009-312496@origenceteam697651.testinator.com,user009-312496
user010-312496@origenceteam697651.testinator.com,user010-312496
user011-312496@origenceteam697651.testinator.com,user011-312496
user012-312496@origenceteam697651.testinator.com,user012-312496
user013-312496@origenceteam697651.testinator.com,user013-312496
user014-312496@origenceteam697651.testinator.com,user014-312496
user015-312496@origenceteam697651.testinator.com,user015-312496
user016-312496@origenceteam697651.testinator.com,user016-312496
user017-312496@origenceteam697651.testinator.com,user017-312496
user018-312496@origenceteam697651.testinator.com,user018-312496
user019-312496@origenceteam697651.testinator.com,user019-312496
user020-312496@origenceteam697651.testinator.com,user020-312496
user021-312496@origenceteam697651.testinator.com,user021-312496
user022-312496@origenceteam697651.testinator.com,user022-312496
user023-312496@origenceteam697651.testinator.com,user023-312496
user024-312496@origenceteam697651.testinator.com,user024-312496
user025-312496@origenceteam697651.testinator.com,user025-312496
user026-312496@origenceteam697651.testinator.com,user026-312496
user027-312496@origenceteam697651.testinator.com,user027-312496
user028-312496@origenceteam697651.testinator.com,user028-312496
user029-312496@origenceteam697651.testinator.com,user029-312496
user030-312496@origenceteam697651.testinator.com,user030-312496
user031-312496@origenceteam697651.testinator.com,user031-312496
user032-312496@origenceteam697651.testinator.com,user032-312496
user033-312496@origenceteam697651.testinator.com,user033-312496
user034-312496@origenceteam697651.testinator.com,user034-312496
user035-312496@origenceteam697651.testinator.com,user035-312496
user036-312496@origenceteam697651.testinator.com,user036-312496
user037-312496@origenceteam697651.testinator.com,user037-312496
user038-312496@origenceteam697651.testinator.com,user038-312496
user039-312496@origenceteam697651.testinator.com,user039-312496
user040-312496@origenceteam697651.testinator.com,user040-312496
user041-312496@origenceteam697651.testinator.com,user041-312496
user042-312496@origenceteam697651.testinator.com,user042-312496
user043-312496@origenceteam697651.testinator.com,user043-312496
user044-312496@origenceteam697651.testinator.com,user044-312496
user045-312496@origenceteam697651.testinator.com,user045-312496
user046-312496@origenceteam697651.testinator.com,user046-312496
user047-312496@origenceteam697651.testinator.com,user047-312496
user048-312496@origenceteam697651.testinator.com,user048-312496
user049-312496@origenceteam697651.testinator.com,user049-312496
user050-312496@origenceteam697651.testinator.com,user050-312496
user051-312496@origenceteam697651.testinator.com,user051-312496
user052-312496@origenceteam697651.testinator.com,user052-312496
user053-312496@origenceteam697651.testinator.com,user053-312496
user054-312496@origenceteam697651.testinator.com,user054-312496
user055-312496@origenceteam697651.testinator.com,user055-312496
user056-312496@origenceteam697651.testinator.com,user056-312496
user057-312496@origenceteam697651.testinator.com,user057-312496
user058-312496@origenceteam697651.testinator.com,user058-312496
user059-312496@origenceteam697651.testinator.com,user059-312496
user060-312496@origenceteam697651.testinator.com,user060-312496
user061-312496@origenceteam697651.testinator.com,user061-312496
user062-312496@origenceteam697651.testinator.com,user062-312496
user063-312496@origenceteam697651.testinator.com,user063-312496
user064-312496@origenceteam697651.testinator.com,user064-312496
user065-312496@origenceteam697651.testinator.com,user065-312496
user066-312496@origenceteam697651.testinator.com,user066-312496
user067-312496@origenceteam697651.testinator.com,user067-312496
user068-312496@origenceteam697651.testinator.com,user068-312496
user069-312496@origenceteam697651.testinator.com,user069-312496
user070-312496@origenceteam697651.testinator.com,user070-312496
user071-312496@origenceteam697651.testinator.com,user071-312496
user072-312496@origenceteam697651.testinator.com,user072-312496
user073-312496@origenceteam697651.testinator.com,user073-312496
user074-312496@origenceteam697651.testinator.com,user074-312496
user075-312496@origenceteam697651.testinator.com,user075-312496
user076-312496@origenceteam697651.testinator.com,user076-312496
user077-312496@origenceteam697651.testinator.com,user077-312496
user078-312496@origenceteam697651.testinator.com,user078-312496
user079-312496@origenceteam697651.testinator.com,user079-312496
user080-312496@origenceteam697651.testinator.com,user080-312496
user081-312496@origenceteam697651.testinator.com,user081-312496
user082-312496@origenceteam697651.testinator.com,user082-312496
user083-312496@origenceteam697651.testinator.com,user083-312496
user084-312496@origenceteam697651.testinator.com,user084-312496
user085-312496@origenceteam697651.testinator.com,user085-312496
user086-312496@origenceteam697651.testinator.com,user086-312496
user087-312496@origenceteam697651.testinator.com,user087-312496
user088-312496@origenceteam697651.testinator.com,user088-312496
user089-312496@origenceteam697651.testinator.com,user089-312496
user090-312496@origenceteam697651.testinator.com,user090-312496
user091-312496@origenceteam697651.testinator.com,user091-312496
user092-312496@origenceteam697651.testinator.com,user092-312496
user093-312496@origenceteam697651.testinator.com,user093-312496
user094-312496@origenceteam697651.testinator.com,user094-312496
user095-312496@origenceteam697651.testinator.com,user095-312496
user096-312496@origenceteam697651.testinator.com,user096-312496
user097-312496@origenceteam697651.testinator.com,user097-312496
user098-312496@origenceteam697651.testinator.com,user098-312496
user099-312496@origenceteam697651.testinator.com,user099-312496
user100-312496@origenceteam697651.testinator.com,user100-312496
user101-312496@origenceteam697651.testinator.com,user101-312496
user102-312496@origenceteam697651.testinator.com,user102-312496
user103-312496@origenceteam697651.testinator.com,user103-312496
user104-312496@origenceteam697651.testinator.com,user104-312496
user105-312496@origenceteam697651.testinator.com,user105-312496
user106-312496@origenceteam697651.testinator.com,user106-312496
user107-312496@origenceteam697651.testinator.com,user107-312496
user108-312496@origenceteam697651.testinator.com,user108-312496
user109-312496@origenceteam697651.testinator.com,user109-312496
user110-312496@origenceteam697651.testinator.com,user110-312496
user111-312496@origenceteam697651.testinator.com,user111-312496
user112-312496@origenceteam697651.testinator.com,user112-312496
user113-312496@origenceteam697651.testinator.com,user113-312496
user114-312496@origenceteam697651.testinator.com,user114-312496
user115-312496@origenceteam697651.testinator.com,user115-312496
user116-312496@origenceteam697651.testinator.com,user116-312496
user117-312496@origenceteam697651.testinator.com,user117-312496
user118-312496@origenceteam697651.testinator.com,user118-312496
user119-312496@origenceteam697651.testinator.com,user119-312496
user120-312496@origenceteam697651.testinator.com,user120-312496
user121-312496@origenceteam697651.testinator.com,user121-312496
user122-312496@origenceteam697651.testinator.com,user122-312496
user123-312496@origenceteam697651.testinator.com,user123-312496
user124-312496@origenceteam697651.testinator.com,user124-312496
user125-312496@origenceteam697651.testinator.com,user125-312496
user126-312496@origenceteam697651.testinator.com,user126-312496
user127-312496@origenceteam697651.testinator.com,user127-312496
user128-312496@origenceteam697651.testinator.com,user128-312496
user129-312496@origenceteam697651.testinator.com,user129-312496
user130-312496@origenceteam697651.testinator.com,user130-312496
user131-312496@origenceteam697651.testinator.com,user131-312496
user132-312496@origenceteam697651.testinator.com,user132-312496
user133-312496@origenceteam697651.testinator.com,user133-312496
user134-312496@origenceteam697651.testinator.com,user134-312496
user135-312496@origenceteam697651.testinator.com,user135-312496
user136-312496@origenceteam697651.testinator.com,user136-312496
user137-312496@origenceteam697651.testinator.com,user137-312496
user138-312496@origenceteam697651.testinator.com,user138-312496
user139-312496@origenceteam697651.testinator.com,user139-312496
user140-312496@origenceteam697651.testinator.com,user140-312496
user141-312496@origenceteam697651.testinator.com,user141-312496
user142-312496@origenceteam697651.testinator.com,user142-312496
user143-312496@origenceteam697651.testinator.com,user143-312496
user144-312496@origenceteam697651.testinator.com,user144-312496
user145-312496@origenceteam697651.testinator.com,user145-312496
user146-312496@origenceteam697651.testinator.com,user146-312496
user147-312496@origenceteam697651.testinator.com,user147-312496
user148-312496@origenceteam697651.testinator.com,user148-312496
user149-312496@origenceteam697651.testinator.com,user149-312496
user150-312496@origenceteam697651.testinator.com,user150-312496
user151-312496@origenceteam697651.testinator.com,user151-312496
user152-312496@origenceteam697651.testinator.com,user152-312496
user153-312496@origenceteam697651.testinator.com,user153-312496
user154-312496@origenceteam697651.testinator.com,user154-312496
user155-312496@origenceteam697651.testinator.com,user155-312496
user156-312496@origenceteam697651.testinator.com,user156-312496
user157-312496@origenceteam697651.testinator.com,user157-312496
user158-312496@origenceteam697651.testinator.com,user158-312496
user159-312496@origenceteam697651.testinator.com,user159-312496
user160-312496@origenceteam697651.testinator.com,user160-312496
user161-312496@origenceteam697651.testinator.com,user161-312496
user162-312496@origenceteam697651.testinator.com,user162-312496
user163-312496@origenceteam697651.testinator.com,user163-312496
user164-312496@origenceteam697651.testinator.com,user164-312496
user165-312496@origenceteam697651.testinator.com,user165-312496
user166-312496@origenceteam697651.testinator.com,user166-312496
user167-312496@origenceteam697651.testinator.com,user167-312496
user168-312496@origenceteam697651.testinator.com,user168-312496
user169-312496@origenceteam697651.testinator.com,user169-312496
user170-312496@origenceteam697651.testinator.com,user170-312496
user171-312496@origenceteam697651.testinator.com,user171-312496
user172-312496@origenceteam697651.testinator.com,user172-312496
user173-312496@origenceteam697651.testinator.com,user173-312496
user174-312496@origenceteam697651.testinator.com,user174-312496
user175-312496@origenceteam697651.testinator.com,user175-312496
user176-312496@origenceteam697651.testinator.com,user176-312496
user177-312496@origenceteam697651.testinator.com,user177-312496
user178-312496@origenceteam697651.testinator.com,user178-312496
user179-312496@origenceteam697651.testinator.com,user179-312496
user180-312496@origenceteam697651.testinator.com,user180-312496
user181-312496@origenceteam697651.testinator.com,user181-312496
user182-312496@origenceteam697651.testinator.com,user182-312496
user183-312496@origenceteam697651.testinator.com,user183-312496
user184-312496@origenceteam697651.testinator.com,user184-312496
user185-312496@origenceteam697651.testinator.com,user185-312496
user186-312496@origenceteam697651.testinator.com,user186-312496
user187-312496@origenceteam697651.testinator.com,user187-312496
user188-312496@origenceteam697651.testinator.com,user188-312496
user189-312496@origenceteam697651.testinator.com,user189-312496
user190-312496@origenceteam697651.testinator.com,user190-312496
user191-312496@origenceteam697651.testinator.com,user191-312496
user192-312496@origenceteam697651.testinator.com,user192-312496
user193-312496@origenceteam697651.testinator.com,user193-312496
user194-312496@origenceteam697651.testinator.com,user194-312496
user195-312496@origenceteam697651.testinator.com,user195-312496
user196-312496@origenceteam697651.testinator.com,user196-312496
user197-312496@origenceteam697651.testinator.com,user197-312496
user198-312496@origenceteam697651.testinator.com,user198-312496
user199-312496@origenceteam697651.testinator.com,user199-312496
user200-312496@origenceteam697651.testinator.com,user200-312496