user001-310170,roles=310170.DealerPortal.LendingUser&roles=310170.DealerPortal.UserAdministrator&
user002-310170,roles=310170.DealerPortal.LendingUser&roles=310170.DealerPortal.UserAdministrator&
user003-310170,roles=310170.DealerPortal.LendingUser&roles=310170.DealerPortal.UserAdministrator&
user004-310170,roles=310170.DealerPortal.LendingUser&roles=310170.DealerPortal.UserAdministrator&
user005-310170,roles=310170.DealerPortal.LendingUser&roles=310170.DealerPortal.UserAdministrator&
user006-310170,roles=310170.DealerPortal.LendingUser&roles=310170.DealerPortal.UserAdministrator&
user007-310170,roles=310170.DealerPortal.LendingUser&roles=310170.DealerPortal.UserAdministrator&
user008-310170,roles=310170.DealerPortal.LendingUser&roles=310170.DealerPortal.UserAdministrator&
user009-310170,roles=310170.DealerPortal.LendingUser&roles=310170.DealerPortal.UserAdministrator&
user010-310170,roles=310170.DealerPortal.LendingUser&roles=310170.DealerPortal.UserAdministrator&
user011-310170,roles=310170.DealerPortal.LendingUser&roles=310170.DealerPortal.UserAdministrator&
user012-310170,roles=310170.DealerPortal.LendingUser&roles=310170.DealerPortal.UserAdministrator&
user013-310170,roles=310170.DealerPortal.LendingUser&roles=310170.DealerPortal.UserAdministrator&
user014-310170,roles=310170.DealerPortal.LendingUser&roles=310170.DealerPortal.UserAdministrator&
user015-310170,roles=310170.DealerPortal.LendingUser&roles=310170.DealerPortal.UserAdministrator&
user016-310170,roles=310170.DealerPortal.LendingUser&roles=310170.DealerPortal.UserAdministrator&
user017-310170,roles=310170.DealerPortal.LendingUser&roles=310170.DealerPortal.UserAdministrator&
user018-310170,roles=310170.DealerPortal.LendingUser&roles=310170.DealerPortal.UserAdministrator&
user019-310170,roles=310170.DealerPortal.LendingUser&roles=310170.DealerPortal.UserAdministrator&
user020-310170,roles=310170.DealerPortal.LendingUser&roles=310170.DealerPortal.UserAdministrator&
user021-310170,roles=310170.DealerPortal.LendingUser&roles=310170.DealerPortal.UserAdministrator&
user022-310170,roles=310170.DealerPortal.LendingUser&roles=310170.DealerPortal.UserAdministrator&
user023-310170,roles=310170.DealerPortal.LendingUser&roles=310170.DealerPortal.UserAdministrator&
user024-310170,roles=310170.DealerPortal.LendingUser&roles=310170.DealerPortal.UserAdministrator&
user025-310170,roles=310170.DealerPortal.LendingUser&roles=310170.DealerPortal.UserAdministrator&
user026-310170,roles=310170.DealerPortal.LendingUser&roles=310170.DealerPortal.UserAdministrator&
user027-310170,roles=310170.DealerPortal.LendingUser&roles=310170.DealerPortal.UserAdministrator&
user028-310170,roles=310170.DealerPortal.LendingUser&roles=310170.DealerPortal.UserAdministrator&
user029-310170,roles=310170.DealerPortal.LendingUser&roles=310170.DealerPortal.UserAdministrator&
user030-310170,roles=310170.DealerPortal.LendingUser&roles=310170.DealerPortal.UserAdministrator&
user031-310170,roles=310170.DealerPortal.LendingUser&roles=310170.DealerPortal.UserAdministrator&
user032-310170,roles=310170.DealerPortal.LendingUser&roles=310170.DealerPortal.UserAdministrator&
user033-310170,roles=310170.DealerPortal.LendingUser&roles=310170.DealerPortal.UserAdministrator&
user034-310170,roles=310170.DealerPortal.LendingUser&roles=310170.DealerPortal.UserAdministrator&
user035-310170,roles=310170.DealerPortal.LendingUser&roles=310170.DealerPortal.UserAdministrator&
user036-310170,roles=310170.DealerPortal.LendingUser&roles=310170.DealerPortal.UserAdministrator&
user037-310170,roles=310170.DealerPortal.LendingUser&roles=310170.DealerPortal.UserAdministrator&
user038-310170,roles=310170.DealerPortal.LendingUser&roles=310170.DealerPortal.UserAdministrator&
user039-310170,roles=310170.DealerPortal.LendingUser&roles=310170.DealerPortal.UserAdministrator&
user040-310170,roles=310170.DealerPortal.LendingUser&roles=310170.DealerPortal.UserAdministrator&
user041-310170,roles=310170.DealerPortal.LendingUser&roles=310170.DealerPortal.UserAdministrator&
user042-310170,roles=310170.DealerPortal.LendingUser&roles=310170.DealerPortal.UserAdministrator&
user043-310170,roles=310170.DealerPortal.LendingUser&roles=310170.DealerPortal.UserAdministrator&
user044-310170,roles=310170.DealerPortal.LendingUser&roles=310170.DealerPortal.UserAdministrator&
user045-310170,roles=310170.DealerPortal.LendingUser&roles=310170.DealerPortal.UserAdministrator&
user046-310170,roles=310170.DealerPortal.LendingUser&roles=310170.DealerPortal.UserAdministrator&
user047-310170,roles=310170.DealerPortal.LendingUser&roles=310170.DealerPortal.UserAdministrator&
user048-310170,roles=310170.DealerPortal.LendingUser&roles=310170.DealerPortal.UserAdministrator&
user049-310170,roles=310170.DealerPortal.LendingUser&roles=310170.DealerPortal.UserAdministrator&
user050-310170,roles=310170.DealerPortal.LendingUser&roles=310170.DealerPortal.UserAdministrator&
user051-310170,roles=310170.DealerPortal.LendingUser&roles=310170.DealerPortal.UserAdministrator&
user052-310170,roles=310170.DealerPortal.LendingUser&roles=310170.DealerPortal.UserAdministrator&
user053-310170,roles=310170.DealerPortal.LendingUser&roles=310170.DealerPortal.UserAdministrator&
user054-310170,roles=310170.DealerPortal.LendingUser&roles=310170.DealerPortal.UserAdministrator&
user055-310170,roles=310170.DealerPortal.LendingUser&roles=310170.DealerPortal.UserAdministrator&
user056-310170,roles=310170.DealerPortal.LendingUser&roles=310170.DealerPortal.UserAdministrator&
user057-310170,roles=310170.DealerPortal.LendingUser&roles=310170.DealerPortal.UserAdministrator&
user058-310170,roles=310170.DealerPortal.LendingUser&roles=310170.DealerPortal.UserAdministrator&
user059-310170,roles=310170.DealerPortal.LendingUser&roles=310170.DealerPortal.UserAdministrator&
user060-310170,roles=310170.DealerPortal.LendingUser&roles=310170.DealerPortal.UserAdministrator&
user061-310170,roles=310170.DealerPortal.LendingUser&roles=310170.DealerPortal.UserAdministrator&
user062-310170,roles=310170.DealerPortal.LendingUser&roles=310170.DealerPortal.UserAdministrator&
user063-310170,roles=310170.DealerPortal.LendingUser&roles=310170.DealerPortal.UserAdministrator&
user064-310170,roles=310170.DealerPortal.LendingUser&roles=310170.DealerPortal.UserAdministrator&
user065-310170,roles=310170.DealerPortal.LendingUser&roles=310170.DealerPortal.UserAdministrator&
user066-310170,roles=310170.DealerPortal.LendingUser&roles=310170.DealerPortal.UserAdministrator&
user067-310170,roles=310170.DealerPortal.LendingUser&roles=310170.DealerPortal.UserAdministrator&
user068-310170,roles=310170.DealerPortal.LendingUser&roles=310170.DealerPortal.UserAdministrator&
user069-310170,roles=310170.DealerPortal.LendingUser&roles=310170.DealerPortal.UserAdministrator&
user070-310170,roles=310170.DealerPortal.LendingUser&roles=310170.DealerPortal.UserAdministrator&
user071-310170,roles=310170.DealerPortal.LendingUser&roles=310170.DealerPortal.UserAdministrator&
user072-310170,roles=310170.DealerPortal.LendingUser&roles=310170.DealerPortal.UserAdministrator&
user073-310170,roles=310170.DealerPortal.LendingUser&roles=310170.DealerPortal.UserAdministrator&
user074-310170,roles=310170.DealerPortal.LendingUser&roles=310170.DealerPortal.UserAdministrator&
user075-310170,roles=310170.DealerPortal.LendingUser&roles=310170.DealerPortal.UserAdministrator&
user076-310170,roles=310170.DealerPortal.LendingUser&roles=310170.DealerPortal.UserAdministrator&
user077-310170,roles=310170.DealerPortal.LendingUser&roles=310170.DealerPortal.UserAdministrator&
user078-310170,roles=310170.DealerPortal.LendingUser&roles=310170.DealerPortal.UserAdministrator&
user079-310170,roles=310170.DealerPortal.LendingUser&roles=310170.DealerPortal.UserAdministrator&
user080-310170,roles=310170.DealerPortal.LendingUser&roles=310170.DealerPortal.UserAdministrator&
user081-310170,roles=310170.DealerPortal.LendingUser&roles=310170.DealerPortal.UserAdministrator&
user082-310170,roles=310170.DealerPortal.LendingUser&roles=310170.DealerPortal.UserAdministrator&
user083-310170,roles=310170.DealerPortal.LendingUser&roles=310170.DealerPortal.UserAdministrator&
user084-310170,roles=310170.DealerPortal.LendingUser&roles=310170.DealerPortal.UserAdministrator&
user085-310170,roles=310170.DealerPortal.LendingUser&roles=310170.DealerPortal.UserAdministrator&
user086-310170,roles=310170.DealerPortal.LendingUser&roles=310170.DealerPortal.UserAdministrator&
user087-310170,roles=310170.DealerPortal.LendingUser&roles=310170.DealerPortal.UserAdministrator&
user088-310170,roles=310170.DealerPortal.LendingUser&roles=310170.DealerPortal.UserAdministrator&
user089-310170,roles=310170.DealerPortal.LendingUser&roles=310170.DealerPortal.UserAdministrator&
user090-310170,roles=310170.DealerPortal.LendingUser&roles=310170.DealerPortal.UserAdministrator&
user091-310170,roles=310170.DealerPortal.LendingUser&roles=310170.DealerPortal.UserAdministrator&
user092-310170,roles=310170.DealerPortal.LendingUser&roles=310170.DealerPortal.UserAdministrator&
user093-310170,roles=310170.DealerPortal.LendingUser&roles=310170.DealerPortal.UserAdministrator&
user094-310170,roles=310170.DealerPortal.LendingUser&roles=310170.DealerPortal.UserAdministrator&
user095-310170,roles=310170.DealerPortal.LendingUser&roles=310170.DealerPortal.UserAdministrator&
user096-310170,roles=310170.DealerPortal.LendingUser&roles=310170.DealerPortal.UserAdministrator&
user097-310170,roles=310170.DealerPortal.LendingUser&roles=310170.DealerPortal.UserAdministrator&
user098-310170,roles=310170.DealerPortal.LendingUser&roles=310170.DealerPortal.UserAdministrator&
user099-310170,roles=310170.DealerPortal.LendingUser&roles=310170.DealerPortal.UserAdministrator&
user100-310170,roles=310170.DealerPortal.LendingUser&roles=310170.DealerPortal.UserAdministrator&
user101-310170,roles=310170.DealerPortal.LendingUser&roles=310170.DealerPortal.UserAdministrator&
user102-310170,roles=310170.DealerPortal.LendingUser&roles=310170.DealerPortal.UserAdministrator&
user103-310170,roles=310170.DealerPortal.LendingUser&roles=310170.DealerPortal.UserAdministrator&
user104-310170,roles=310170.DealerPortal.LendingUser&roles=310170.DealerPortal.UserAdministrator&
user105-310170,roles=310170.DealerPortal.LendingUser&roles=310170.DealerPortal.UserAdministrator&
user106-310170,roles=310170.DealerPortal.LendingUser&roles=310170.DealerPortal.UserAdministrator&
user107-310170,roles=310170.DealerPortal.LendingUser&roles=310170.DealerPortal.UserAdministrator&
user108-310170,roles=310170.DealerPortal.LendingUser&roles=310170.DealerPortal.UserAdministrator&
user109-310170,roles=310170.DealerPortal.LendingUser&roles=310170.DealerPortal.UserAdministrator&
user110-310170,roles=310170.DealerPortal.LendingUser&roles=310170.DealerPortal.UserAdministrator&
user111-310170,roles=310170.DealerPortal.LendingUser&roles=310170.DealerPortal.UserAdministrator&
user112-310170,roles=310170.DealerPortal.LendingUser&roles=310170.DealerPortal.UserAdministrator&
user113-310170,roles=310170.DealerPortal.LendingUser&roles=310170.DealerPortal.UserAdministrator&
user114-310170,roles=310170.DealerPortal.LendingUser&roles=310170.DealerPortal.UserAdministrator&
user115-310170,roles=310170.DealerPortal.LendingUser&roles=310170.DealerPortal.UserAdministrator&
user116-310170,roles=310170.DealerPortal.LendingUser&roles=310170.DealerPortal.UserAdministrator&
user117-310170,roles=310170.DealerPortal.LendingUser&roles=310170.DealerPortal.UserAdministrator&
user118-310170,roles=310170.DealerPortal.LendingUser&roles=310170.DealerPortal.UserAdministrator&
user119-310170,roles=310170.DealerPortal.LendingUser&roles=310170.DealerPortal.UserAdministrator&
user120-310170,roles=310170.DealerPortal.LendingUser&roles=310170.DealerPortal.UserAdministrator&
user121-310170,roles=310170.DealerPortal.LendingUser&roles=310170.DealerPortal.UserAdministrator&
user122-310170,roles=310170.DealerPortal.LendingUser&roles=310170.DealerPortal.UserAdministrator&
user123-310170,roles=310170.DealerPortal.LendingUser&roles=310170.DealerPortal.UserAdministrator&
user124-310170,roles=310170.DealerPortal.LendingUser&roles=310170.DealerPortal.UserAdministrator&
user125-310170,roles=310170.DealerPortal.LendingUser&roles=310170.DealerPortal.UserAdministrator&
user126-310170,roles=310170.DealerPortal.LendingUser&roles=310170.DealerPortal.UserAdministrator&
user127-310170,roles=310170.DealerPortal.LendingUser&roles=310170.DealerPortal.UserAdministrator&
user128-310170,roles=310170.DealerPortal.LendingUser&roles=310170.DealerPortal.UserAdministrator&
user129-310170,roles=310170.DealerPortal.LendingUser&roles=310170.DealerPortal.UserAdministrator&
user130-310170,roles=310170.DealerPortal.LendingUser&roles=310170.DealerPortal.UserAdministrator&
user131-310170,roles=310170.DealerPortal.LendingUser&roles=310170.DealerPortal.UserAdministrator&
user132-310170,roles=310170.DealerPortal.LendingUser&roles=310170.DealerPortal.UserAdministrator&
user133-310170,roles=310170.DealerPortal.LendingUser&roles=310170.DealerPortal.UserAdministrator&
user134-310170,roles=310170.DealerPortal.LendingUser&roles=310170.DealerPortal.UserAdministrator&
user135-310170,roles=310170.DealerPortal.LendingUser&roles=310170.DealerPortal.UserAdministrator&
user136-310170,roles=310170.DealerPortal.LendingUser&roles=310170.DealerPortal.UserAdministrator&
user137-310170,roles=310170.DealerPortal.LendingUser&roles=310170.DealerPortal.UserAdministrator&
user138-310170,roles=310170.DealerPortal.LendingUser&roles=310170.DealerPortal.UserAdministrator&
user139-310170,roles=310170.DealerPortal.LendingUser&roles=310170.DealerPortal.UserAdministrator&
user140-310170,roles=310170.DealerPortal.LendingUser&roles=310170.DealerPortal.UserAdministrator&
user141-310170,roles=310170.DealerPortal.LendingUser&roles=310170.DealerPortal.UserAdministrator&
user142-310170,roles=310170.DealerPortal.LendingUser&roles=310170.DealerPortal.UserAdministrator&
user143-310170,roles=310170.DealerPortal.LendingUser&roles=310170.DealerPortal.UserAdministrator&
user144-310170,roles=310170.DealerPortal.LendingUser&roles=310170.DealerPortal.UserAdministrator&
user145-310170,roles=310170.DealerPortal.LendingUser&roles=310170.DealerPortal.UserAdministrator&
user146-310170,roles=310170.DealerPortal.LendingUser&roles=310170.DealerPortal.UserAdministrator&
user147-310170,roles=310170.DealerPortal.LendingUser&roles=310170.DealerPortal.UserAdministrator&
user148-310170,roles=310170.DealerPortal.LendingUser&roles=310170.DealerPortal.UserAdministrator&
user149-310170,roles=310170.DealerPortal.LendingUser&roles=310170.DealerPortal.UserAdministrator&
user150-310170,roles=310170.DealerPortal.LendingUser&roles=310170.DealerPortal.UserAdministrator&
user151-310170,roles=310170.DealerPortal.LendingUser&roles=310170.DealerPortal.UserAdministrator&
user152-310170,roles=310170.DealerPortal.LendingUser&roles=310170.DealerPortal.UserAdministrator&
user153-310170,roles=310170.DealerPortal.LendingUser&roles=310170.DealerPortal.UserAdministrator&
user154-310170,roles=310170.DealerPortal.LendingUser&roles=310170.DealerPortal.UserAdministrator&
user155-310170,roles=310170.DealerPortal.LendingUser&roles=310170.DealerPortal.UserAdministrator&
user156-310170,roles=310170.DealerPortal.LendingUser&roles=310170.DealerPortal.UserAdministrator&
user157-310170,roles=310170.DealerPortal.LendingUser&roles=310170.DealerPortal.UserAdministrator&
user158-310170,roles=310170.DealerPortal.LendingUser&roles=310170.DealerPortal.UserAdministrator&
user159-310170,roles=310170.DealerPortal.LendingUser&roles=310170.DealerPortal.UserAdministrator&
user160-310170,roles=310170.DealerPortal.LendingUser&roles=310170.DealerPortal.UserAdministrator&
user161-310170,roles=310170.DealerPortal.LendingUser&roles=310170.DealerPortal.UserAdministrator&
user162-310170,roles=310170.DealerPortal.LendingUser&roles=310170.DealerPortal.UserAdministrator&
user163-310170,roles=310170.DealerPortal.LendingUser&roles=310170.DealerPortal.UserAdministrator&
user164-310170,roles=310170.DealerPortal.LendingUser&roles=310170.DealerPortal.UserAdministrator&
user165-310170,roles=310170.DealerPortal.LendingUser&roles=310170.DealerPortal.UserAdministrator&
user166-310170,roles=310170.DealerPortal.LendingUser&roles=310170.DealerPortal.UserAdministrator&
user167-310170,roles=310170.DealerPortal.LendingUser&roles=310170.DealerPortal.UserAdministrator&
user168-310170,roles=310170.DealerPortal.LendingUser&roles=310170.DealerPortal.UserAdministrator&
user169-310170,roles=310170.DealerPortal.LendingUser&roles=310170.DealerPortal.UserAdministrator&
user170-310170,roles=310170.DealerPortal.LendingUser&roles=310170.DealerPortal.UserAdministrator&
user171-310170,roles=310170.DealerPortal.LendingUser&roles=310170.DealerPortal.UserAdministrator&
user172-310170,roles=310170.DealerPortal.LendingUser&roles=310170.DealerPortal.UserAdministrator&
user173-310170,roles=310170.DealerPortal.LendingUser&roles=310170.DealerPortal.UserAdministrator&
user174-310170,roles=310170.DealerPortal.LendingUser&roles=310170.DealerPortal.UserAdministrator&
user175-310170,roles=310170.DealerPortal.LendingUser&roles=310170.DealerPortal.UserAdministrator&
user176-310170,roles=310170.DealerPortal.LendingUser&roles=310170.DealerPortal.UserAdministrator&
user177-310170,roles=310170.DealerPortal.LendingUser&roles=310170.DealerPortal.UserAdministrator&
user178-310170,roles=310170.DealerPortal.LendingUser&roles=310170.DealerPortal.UserAdministrator&
user179-310170,roles=310170.DealerPortal.LendingUser&roles=310170.DealerPortal.UserAdministrator&
user180-310170,roles=310170.DealerPortal.LendingUser&roles=310170.DealerPortal.UserAdministrator&
user181-310170,roles=310170.DealerPortal.LendingUser&roles=310170.DealerPortal.UserAdministrator&
user182-310170,roles=310170.DealerPortal.LendingUser&roles=310170.DealerPortal.UserAdministrator&
user183-310170,roles=310170.DealerPortal.LendingUser&roles=310170.DealerPortal.UserAdministrator&
user184-310170,roles=310170.DealerPortal.LendingUser&roles=310170.DealerPortal.UserAdministrator&
user185-310170,roles=310170.DealerPortal.LendingUser&roles=310170.DealerPortal.UserAdministrator&
user186-310170,roles=310170.DealerPortal.LendingUser&roles=310170.DealerPortal.UserAdministrator&
user187-310170,roles=310170.DealerPortal.LendingUser&roles=310170.DealerPortal.UserAdministrator&
user188-310170,roles=310170.DealerPortal.LendingUser&roles=310170.DealerPortal.UserAdministrator&
user189-310170,roles=310170.DealerPortal.LendingUser&roles=310170.DealerPortal.UserAdministrator&
user190-310170,roles=310170.DealerPortal.LendingUser&roles=310170.DealerPortal.UserAdministrator&
user191-310170,roles=310170.DealerPortal.LendingUser&roles=310170.DealerPortal.UserAdministrator&
user192-310170,roles=310170.DealerPortal.LendingUser&roles=310170.DealerPortal.UserAdministrator&
user193-310170,roles=310170.DealerPortal.LendingUser&roles=310170.DealerPortal.UserAdministrator&
user194-310170,roles=310170.DealerPortal.LendingUser&roles=310170.DealerPortal.UserAdministrator&
user195-310170,roles=310170.DealerPortal.LendingUser&roles=310170.DealerPortal.UserAdministrator&
user196-310170,roles=310170.DealerPortal.LendingUser&roles=310170.DealerPortal.UserAdministrator&
user197-310170,roles=310170.DealerPortal.LendingUser&roles=310170.DealerPortal.UserAdministrator&
user198-310170,roles=310170.DealerPortal.LendingUser&roles=310170.DealerPortal.UserAdministrator&
user199-310170,roles=310170.DealerPortal.LendingUser&roles=310170.DealerPortal.UserAdministrator&
user200-310170,roles=310170.DealerPortal.LendingUser&roles=310170.DealerPortal.UserAdministrator&
