newusername,roles
user001-312599,roles=312599.DealerPortal.LendingUser&roles=312599.DealerPortal.UserAdministrator&
user002-312599,roles=312599.DealerPortal.LendingUser&roles=312599.DealerPortal.UserAdministrator&
user003-312599,roles=312599.DealerPortal.LendingUser&roles=312599.DealerPortal.UserAdministrator&
user004-312599,roles=312599.DealerPortal.LendingUser&roles=312599.DealerPortal.UserAdministrator&
user005-312599,roles=312599.DealerPortal.LendingUser&roles=312599.DealerPortal.UserAdministrator&
user006-312599,roles=312599.DealerPortal.LendingUser&roles=312599.DealerPortal.UserAdministrator&
user007-312599,roles=312599.DealerPortal.LendingUser&roles=312599.DealerPortal.UserAdministrator&
user008-312599,roles=312599.DealerPortal.LendingUser&roles=312599.DealerPortal.UserAdministrator&
user009-312599,roles=312599.DealerPortal.LendingUser&roles=312599.DealerPortal.UserAdministrator&
user010-312599,roles=312599.DealerPortal.LendingUser&roles=312599.DealerPortal.UserAdministrator&
user011-312599,roles=312599.DealerPortal.LendingUser&roles=312599.DealerPortal.UserAdministrator&
user012-312599,roles=312599.DealerPortal.LendingUser&roles=312599.DealerPortal.UserAdministrator&
user013-312599,roles=312599.DealerPortal.LendingUser&roles=312599.DealerPortal.UserAdministrator&
user014-312599,roles=312599.DealerPortal.LendingUser&roles=312599.DealerPortal.UserAdministrator&
user015-312599,roles=312599.DealerPortal.LendingUser&roles=312599.DealerPortal.UserAdministrator&
user016-312599,roles=312599.DealerPortal.LendingUser&roles=312599.DealerPortal.UserAdministrator&
user017-312599,roles=312599.DealerPortal.LendingUser&roles=312599.DealerPortal.UserAdministrator&
user018-312599,roles=312599.DealerPortal.LendingUser&roles=312599.DealerPortal.UserAdministrator&
user019-312599,roles=312599.DealerPortal.LendingUser&roles=312599.DealerPortal.UserAdministrator&
user020-312599,roles=312599.DealerPortal.LendingUser&roles=312599.DealerPortal.UserAdministrator&
user021-312599,roles=312599.DealerPortal.LendingUser&roles=312599.DealerPortal.UserAdministrator&
user022-312599,roles=312599.DealerPortal.LendingUser&roles=312599.DealerPortal.UserAdministrator&
user023-312599,roles=312599.DealerPortal.LendingUser&roles=312599.DealerPortal.UserAdministrator&
user024-312599,roles=312599.DealerPortal.LendingUser&roles=312599.DealerPortal.UserAdministrator&
user025-312599,roles=312599.DealerPortal.LendingUser&roles=312599.DealerPortal.UserAdministrator&
user026-312599,roles=312599.DealerPortal.LendingUser&roles=312599.DealerPortal.UserAdministrator&
user027-312599,roles=312599.DealerPortal.LendingUser&roles=312599.DealerPortal.UserAdministrator&
user028-312599,roles=312599.DealerPortal.LendingUser&roles=312599.DealerPortal.UserAdministrator&
user029-312599,roles=312599.DealerPortal.LendingUser&roles=312599.DealerPortal.UserAdministrator&
user030-312599,roles=312599.DealerPortal.LendingUser&roles=312599.DealerPortal.UserAdministrator&
user031-312599,roles=312599.DealerPortal.LendingUser&roles=312599.DealerPortal.UserAdministrator&
user032-312599,roles=312599.DealerPortal.LendingUser&roles=312599.DealerPortal.UserAdministrator&
user033-312599,roles=312599.DealerPortal.LendingUser&roles=312599.DealerPortal.UserAdministrator&
user034-312599,roles=312599.DealerPortal.LendingUser&roles=312599.DealerPortal.UserAdministrator&
user035-312599,roles=312599.DealerPortal.LendingUser&roles=312599.DealerPortal.UserAdministrator&
user036-312599,roles=312599.DealerPortal.LendingUser&roles=312599.DealerPortal.UserAdministrator&
user037-312599,roles=312599.DealerPortal.LendingUser&roles=312599.DealerPortal.UserAdministrator&
user038-312599,roles=312599.DealerPortal.LendingUser&roles=312599.DealerPortal.UserAdministrator&
user039-312599,roles=312599.DealerPortal.LendingUser&roles=312599.DealerPortal.UserAdministrator&
user040-312599,roles=312599.DealerPortal.LendingUser&roles=312599.DealerPortal.UserAdministrator&
user041-312599,roles=312599.DealerPortal.LendingUser&roles=312599.DealerPortal.UserAdministrator&
user042-312599,roles=312599.DealerPortal.LendingUser&roles=312599.DealerPortal.UserAdministrator&
user043-312599,roles=312599.DealerPortal.LendingUser&roles=312599.DealerPortal.UserAdministrator&
user044-312599,roles=312599.DealerPortal.LendingUser&roles=312599.DealerPortal.UserAdministrator&
user045-312599,roles=312599.DealerPortal.LendingUser&roles=312599.DealerPortal.UserAdministrator&
user046-312599,roles=312599.DealerPortal.LendingUser&roles=312599.DealerPortal.UserAdministrator&
user047-312599,roles=312599.DealerPortal.LendingUser&roles=312599.DealerPortal.UserAdministrator&
user048-312599,roles=312599.DealerPortal.LendingUser&roles=312599.DealerPortal.UserAdministrator&
user049-312599,roles=312599.DealerPortal.LendingUser&roles=312599.DealerPortal.UserAdministrator&
user050-312599,roles=312599.DealerPortal.LendingUser&roles=312599.DealerPortal.UserAdministrator&
user051-312599,roles=312599.DealerPortal.LendingUser&roles=312599.DealerPortal.UserAdministrator&
user052-312599,roles=312599.DealerPortal.LendingUser&roles=312599.DealerPortal.UserAdministrator&
user053-312599,roles=312599.DealerPortal.LendingUser&roles=312599.DealerPortal.UserAdministrator&
user054-312599,roles=312599.DealerPortal.LendingUser&roles=312599.DealerPortal.UserAdministrator&
user055-312599,roles=312599.DealerPortal.LendingUser&roles=312599.DealerPortal.UserAdministrator&
user056-312599,roles=312599.DealerPortal.LendingUser&roles=312599.DealerPortal.UserAdministrator&
user057-312599,roles=312599.DealerPortal.LendingUser&roles=312599.DealerPortal.UserAdministrator&
user058-312599,roles=312599.DealerPortal.LendingUser&roles=312599.DealerPortal.UserAdministrator&
user059-312599,roles=312599.DealerPortal.LendingUser&roles=312599.DealerPortal.UserAdministrator&
user060-312599,roles=312599.DealerPortal.LendingUser&roles=312599.DealerPortal.UserAdministrator&
user061-312599,roles=312599.DealerPortal.LendingUser&roles=312599.DealerPortal.UserAdministrator&
user062-312599,roles=312599.DealerPortal.LendingUser&roles=312599.DealerPortal.UserAdministrator&
user063-312599,roles=312599.DealerPortal.LendingUser&roles=312599.DealerPortal.UserAdministrator&
user064-312599,roles=312599.DealerPortal.LendingUser&roles=312599.DealerPortal.UserAdministrator&
user065-312599,roles=312599.DealerPortal.LendingUser&roles=312599.DealerPortal.UserAdministrator&
user066-312599,roles=312599.DealerPortal.LendingUser&roles=312599.DealerPortal.UserAdministrator&
user067-312599,roles=312599.DealerPortal.LendingUser&roles=312599.DealerPortal.UserAdministrator&
user068-312599,roles=312599.DealerPortal.LendingUser&roles=312599.DealerPortal.UserAdministrator&
user069-312599,roles=312599.DealerPortal.LendingUser&roles=312599.DealerPortal.UserAdministrator&
user070-312599,roles=312599.DealerPortal.LendingUser&roles=312599.DealerPortal.UserAdministrator&
user071-312599,roles=312599.DealerPortal.LendingUser&roles=312599.DealerPortal.UserAdministrator&
user072-312599,roles=312599.DealerPortal.LendingUser&roles=312599.DealerPortal.UserAdministrator&
user073-312599,roles=312599.DealerPortal.LendingUser&roles=312599.DealerPortal.UserAdministrator&
user074-312599,roles=312599.DealerPortal.LendingUser&roles=312599.DealerPortal.UserAdministrator&
user075-312599,roles=312599.DealerPortal.LendingUser&roles=312599.DealerPortal.UserAdministrator&
user076-312599,roles=312599.DealerPortal.LendingUser&roles=312599.DealerPortal.UserAdministrator&
user077-312599,roles=312599.DealerPortal.LendingUser&roles=312599.DealerPortal.UserAdministrator&
user078-312599,roles=312599.DealerPortal.LendingUser&roles=312599.DealerPortal.UserAdministrator&
user079-312599,roles=312599.DealerPortal.LendingUser&roles=312599.DealerPortal.UserAdministrator&
user080-312599,roles=312599.DealerPortal.LendingUser&roles=312599.DealerPortal.UserAdministrator&
user081-312599,roles=312599.DealerPortal.LendingUser&roles=312599.DealerPortal.UserAdministrator&
user082-312599,roles=312599.DealerPortal.LendingUser&roles=312599.DealerPortal.UserAdministrator&
user083-312599,roles=312599.DealerPortal.LendingUser&roles=312599.DealerPortal.UserAdministrator&
user084-312599,roles=312599.DealerPortal.LendingUser&roles=312599.DealerPortal.UserAdministrator&
user085-312599,roles=312599.DealerPortal.LendingUser&roles=312599.DealerPortal.UserAdministrator&
user086-312599,roles=312599.DealerPortal.LendingUser&roles=312599.DealerPortal.UserAdministrator&
user087-312599,roles=312599.DealerPortal.LendingUser&roles=312599.DealerPortal.UserAdministrator&
user088-312599,roles=312599.DealerPortal.LendingUser&roles=312599.DealerPortal.UserAdministrator&
user089-312599,roles=312599.DealerPortal.LendingUser&roles=312599.DealerPortal.UserAdministrator&
user090-312599,roles=312599.DealerPortal.LendingUser&roles=312599.DealerPortal.UserAdministrator&
user091-312599,roles=312599.DealerPortal.LendingUser&roles=312599.DealerPortal.UserAdministrator&
user092-312599,roles=312599.DealerPortal.LendingUser&roles=312599.DealerPortal.UserAdministrator&
user093-312599,roles=312599.DealerPortal.LendingUser&roles=312599.DealerPortal.UserAdministrator&
user094-312599,roles=312599.DealerPortal.LendingUser&roles=312599.DealerPortal.UserAdministrator&
user095-312599,roles=312599.DealerPortal.LendingUser&roles=312599.DealerPortal.UserAdministrator&
user096-312599,roles=312599.DealerPortal.LendingUser&roles=312599.DealerPortal.UserAdministrator&
user097-312599,roles=312599.DealerPortal.LendingUser&roles=312599.DealerPortal.UserAdministrator&
user098-312599,roles=312599.DealerPortal.LendingUser&roles=312599.DealerPortal.UserAdministrator&
user099-312599,roles=312599.DealerPortal.LendingUser&roles=312599.DealerPortal.UserAdministrator&
user100-312599,roles=312599.DealerPortal.LendingUser&roles=312599.DealerPortal.UserAdministrator&
user101-312599,roles=312599.DealerPortal.LendingUser&roles=312599.DealerPortal.UserAdministrator&
user102-312599,roles=312599.DealerPortal.LendingUser&roles=312599.DealerPortal.UserAdministrator&
user103-312599,roles=312599.DealerPortal.LendingUser&roles=312599.DealerPortal.UserAdministrator&
user104-312599,roles=312599.DealerPortal.LendingUser&roles=312599.DealerPortal.UserAdministrator&
user105-312599,roles=312599.DealerPortal.LendingUser&roles=312599.DealerPortal.UserAdministrator&
user106-312599,roles=312599.DealerPortal.LendingUser&roles=312599.DealerPortal.UserAdministrator&
user107-312599,roles=312599.DealerPortal.LendingUser&roles=312599.DealerPortal.UserAdministrator&
user108-312599,roles=312599.DealerPortal.LendingUser&roles=312599.DealerPortal.UserAdministrator&
user109-312599,roles=312599.DealerPortal.LendingUser&roles=312599.DealerPortal.UserAdministrator&
user110-312599,roles=312599.DealerPortal.LendingUser&roles=312599.DealerPortal.UserAdministrator&
user111-312599,roles=312599.DealerPortal.LendingUser&roles=312599.DealerPortal.UserAdministrator&
user112-312599,roles=312599.DealerPortal.LendingUser&roles=312599.DealerPortal.UserAdministrator&
user113-312599,roles=312599.DealerPortal.LendingUser&roles=312599.DealerPortal.UserAdministrator&
user114-312599,roles=312599.DealerPortal.LendingUser&roles=312599.DealerPortal.UserAdministrator&
user115-312599,roles=312599.DealerPortal.LendingUser&roles=312599.DealerPortal.UserAdministrator&
user116-312599,roles=312599.DealerPortal.LendingUser&roles=312599.DealerPortal.UserAdministrator&
user117-312599,roles=312599.DealerPortal.LendingUser&roles=312599.DealerPortal.UserAdministrator&
user118-312599,roles=312599.DealerPortal.LendingUser&roles=312599.DealerPortal.UserAdministrator&
user119-312599,roles=312599.DealerPortal.LendingUser&roles=312599.DealerPortal.UserAdministrator&
user120-312599,roles=312599.DealerPortal.LendingUser&roles=312599.DealerPortal.UserAdministrator&
user121-312599,roles=312599.DealerPortal.LendingUser&roles=312599.DealerPortal.UserAdministrator&
user122-312599,roles=312599.DealerPortal.LendingUser&roles=312599.DealerPortal.UserAdministrator&
user123-312599,roles=312599.DealerPortal.LendingUser&roles=312599.DealerPortal.UserAdministrator&
user124-312599,roles=312599.DealerPortal.LendingUser&roles=312599.DealerPortal.UserAdministrator&
user125-312599,roles=312599.DealerPortal.LendingUser&roles=312599.DealerPortal.UserAdministrator&
user126-312599,roles=312599.DealerPortal.LendingUser&roles=312599.DealerPortal.UserAdministrator&
user127-312599,roles=312599.DealerPortal.LendingUser&roles=312599.DealerPortal.UserAdministrator&
user128-312599,roles=312599.DealerPortal.LendingUser&roles=312599.DealerPortal.UserAdministrator&
user129-312599,roles=312599.DealerPortal.LendingUser&roles=312599.DealerPortal.UserAdministrator&
user130-312599,roles=312599.DealerPortal.LendingUser&roles=312599.DealerPortal.UserAdministrator&
user131-312599,roles=312599.DealerPortal.LendingUser&roles=312599.DealerPortal.UserAdministrator&
user132-312599,roles=312599.DealerPortal.LendingUser&roles=312599.DealerPortal.UserAdministrator&
user133-312599,roles=312599.DealerPortal.LendingUser&roles=312599.DealerPortal.UserAdministrator&
user134-312599,roles=312599.DealerPortal.LendingUser&roles=312599.DealerPortal.UserAdministrator&
user135-312599,roles=312599.DealerPortal.LendingUser&roles=312599.DealerPortal.UserAdministrator&
user136-312599,roles=312599.DealerPortal.LendingUser&roles=312599.DealerPortal.UserAdministrator&
user137-312599,roles=312599.DealerPortal.LendingUser&roles=312599.DealerPortal.UserAdministrator&
user138-312599,roles=312599.DealerPortal.LendingUser&roles=312599.DealerPortal.UserAdministrator&
user139-312599,roles=312599.DealerPortal.LendingUser&roles=312599.DealerPortal.UserAdministrator&
user140-312599,roles=312599.DealerPortal.LendingUser&roles=312599.DealerPortal.UserAdministrator&
user141-312599,roles=312599.DealerPortal.LendingUser&roles=312599.DealerPortal.UserAdministrator&
user142-312599,roles=312599.DealerPortal.LendingUser&roles=312599.DealerPortal.UserAdministrator&
user143-312599,roles=312599.DealerPortal.LendingUser&roles=312599.DealerPortal.UserAdministrator&
user144-312599,roles=312599.DealerPortal.LendingUser&roles=312599.DealerPortal.UserAdministrator&
user145-312599,roles=312599.DealerPortal.LendingUser&roles=312599.DealerPortal.UserAdministrator&
user146-312599,roles=312599.DealerPortal.LendingUser&roles=312599.DealerPortal.UserAdministrator&
user147-312599,roles=312599.DealerPortal.LendingUser&roles=312599.DealerPortal.UserAdministrator&
user148-312599,roles=312599.DealerPortal.LendingUser&roles=312599.DealerPortal.UserAdministrator&
user149-312599,roles=312599.DealerPortal.LendingUser&roles=312599.DealerPortal.UserAdministrator&
user150-312599,roles=312599.DealerPortal.LendingUser&roles=312599.DealerPortal.UserAdministrator&
user151-312599,roles=312599.DealerPortal.LendingUser&roles=312599.DealerPortal.UserAdministrator&
user152-312599,roles=312599.DealerPortal.LendingUser&roles=312599.DealerPortal.UserAdministrator&
user153-312599,roles=312599.DealerPortal.LendingUser&roles=312599.DealerPortal.UserAdministrator&
user154-312599,roles=312599.DealerPortal.LendingUser&roles=312599.DealerPortal.UserAdministrator&
user155-312599,roles=312599.DealerPortal.LendingUser&roles=312599.DealerPortal.UserAdministrator&
user156-312599,roles=312599.DealerPortal.LendingUser&roles=312599.DealerPortal.UserAdministrator&
user157-312599,roles=312599.DealerPortal.LendingUser&roles=312599.DealerPortal.UserAdministrator&
user158-312599,roles=312599.DealerPortal.LendingUser&roles=312599.DealerPortal.UserAdministrator&
user159-312599,roles=312599.DealerPortal.LendingUser&roles=312599.DealerPortal.UserAdministrator&
user160-312599,roles=312599.DealerPortal.LendingUser&roles=312599.DealerPortal.UserAdministrator&
user161-312599,roles=312599.DealerPortal.LendingUser&roles=312599.DealerPortal.UserAdministrator&
user162-312599,roles=312599.DealerPortal.LendingUser&roles=312599.DealerPortal.UserAdministrator&
user163-312599,roles=312599.DealerPortal.LendingUser&roles=312599.DealerPortal.UserAdministrator&
user164-312599,roles=312599.DealerPortal.LendingUser&roles=312599.DealerPortal.UserAdministrator&
user165-312599,roles=312599.DealerPortal.LendingUser&roles=312599.DealerPortal.UserAdministrator&
user166-312599,roles=312599.DealerPortal.LendingUser&roles=312599.DealerPortal.UserAdministrator&
user167-312599,roles=312599.DealerPortal.LendingUser&roles=312599.DealerPortal.UserAdministrator&
user168-312599,roles=312599.DealerPortal.LendingUser&roles=312599.DealerPortal.UserAdministrator&
user169-312599,roles=312599.DealerPortal.LendingUser&roles=312599.DealerPortal.UserAdministrator&
user170-312599,roles=312599.DealerPortal.LendingUser&roles=312599.DealerPortal.UserAdministrator&
user171-312599,roles=312599.DealerPortal.LendingUser&roles=312599.DealerPortal.UserAdministrator&
user172-312599,roles=312599.DealerPortal.LendingUser&roles=312599.DealerPortal.UserAdministrator&
user173-312599,roles=312599.DealerPortal.LendingUser&roles=312599.DealerPortal.UserAdministrator&
user174-312599,roles=312599.DealerPortal.LendingUser&roles=312599.DealerPortal.UserAdministrator&
user175-312599,roles=312599.DealerPortal.LendingUser&roles=312599.DealerPortal.UserAdministrator&
user176-312599,roles=312599.DealerPortal.LendingUser&roles=312599.DealerPortal.UserAdministrator&
user177-312599,roles=312599.DealerPortal.LendingUser&roles=312599.DealerPortal.UserAdministrator&
user178-312599,roles=312599.DealerPortal.LendingUser&roles=312599.DealerPortal.UserAdministrator&
user179-312599,roles=312599.DealerPortal.LendingUser&roles=312599.DealerPortal.UserAdministrator&
user180-312599,roles=312599.DealerPortal.LendingUser&roles=312599.DealerPortal.UserAdministrator&
user181-312599,roles=312599.DealerPortal.LendingUser&roles=312599.DealerPortal.UserAdministrator&
user182-312599,roles=312599.DealerPortal.LendingUser&roles=312599.DealerPortal.UserAdministrator&
user183-312599,roles=312599.DealerPortal.LendingUser&roles=312599.DealerPortal.UserAdministrator&
user184-312599,roles=312599.DealerPortal.LendingUser&roles=312599.DealerPortal.UserAdministrator&
user185-312599,roles=312599.DealerPortal.LendingUser&roles=312599.DealerPortal.UserAdministrator&
user186-312599,roles=312599.DealerPortal.LendingUser&roles=312599.DealerPortal.UserAdministrator&
user187-312599,roles=312599.DealerPortal.LendingUser&roles=312599.DealerPortal.UserAdministrator&
user188-312599,roles=312599.DealerPortal.LendingUser&roles=312599.DealerPortal.UserAdministrator&
user189-312599,roles=312599.DealerPortal.LendingUser&roles=312599.DealerPortal.UserAdministrator&
user190-312599,roles=312599.DealerPortal.LendingUser&roles=312599.DealerPortal.UserAdministrator&
user191-312599,roles=312599.DealerPortal.LendingUser&roles=312599.DealerPortal.UserAdministrator&
user192-312599,roles=312599.DealerPortal.LendingUser&roles=312599.DealerPortal.UserAdministrator&
user193-312599,roles=312599.DealerPortal.LendingUser&roles=312599.DealerPortal.UserAdministrator&
user194-312599,roles=312599.DealerPortal.LendingUser&roles=312599.DealerPortal.UserAdministrator&
user195-312599,roles=312599.DealerPortal.LendingUser&roles=312599.DealerPortal.UserAdministrator&
user196-312599,roles=312599.DealerPortal.LendingUser&roles=312599.DealerPortal.UserAdministrator&
user197-312599,roles=312599.DealerPortal.LendingUser&roles=312599.DealerPortal.UserAdministrator&
user198-312599,roles=312599.DealerPortal.LendingUser&roles=312599.DealerPortal.UserAdministrator&
user199-312599,roles=312599.DealerPortal.LendingUser&roles=312599.DealerPortal.UserAdministrator&
user200-312599,roles=312599.DealerPortal.LendingUser&roles=312599.DealerPortal.UserAdministrator&