username,password
user001-312587@mailinator.com,Password1
user002-312587@mailinator.com,Password1
user003-312587@mailinator.com,Password1
user004-312587@mailinator.com,Password1
user005-312587@mailinator.com,Password1
user006-312587@mailinator.com,Password1
user007-312587@mailinator.com,Password1
user008-312587@mailinator.com,Password1
user009-312587@mailinator.com,Password1
user010-312587@mailinator.com,Password1
user011-312587@mailinator.com,Password1
user012-312587@mailinator.com,Password1
user013-312587@mailinator.com,Password1
user014-312587@mailinator.com,Password1
user015-312587@mailinator.com,Password1
user016-312587@mailinator.com,Password1
user017-312587@mailinator.com,Password1
user018-312587@mailinator.com,Password1
user019-312587@mailinator.com,Password1
user020-312587@mailinator.com,Password1
user021-312587@mailinator.com,Password1
user022-312587@mailinator.com,Password1
user023-312587@mailinator.com,Password1
user024-312587@mailinator.com,Password1
user025-312587@mailinator.com,Password1
user026-312587@mailinator.com,Password1
user027-312587@mailinator.com,Password1
user028-312587@mailinator.com,Password1
user029-312587@mailinator.com,Password1
user030-312587@mailinator.com,Password1
user031-312587@mailinator.com,Password1
user032-312587@mailinator.com,Password1
user033-312587@mailinator.com,Password1
user034-312587@mailinator.com,Password1
user035-312587@mailinator.com,Password1
user036-312587@mailinator.com,Password1
user037-312587@mailinator.com,Password1
user038-312587@mailinator.com,Password1
user039-312587@mailinator.com,Password1
user040-312587@mailinator.com,Password1
user041-312587@mailinator.com,Password1
user042-312587@mailinator.com,Password1
user043-312587@mailinator.com,Password1
user044-312587@mailinator.com,Password1
user045-312587@mailinator.com,Password1
user046-312587@mailinator.com,Password1
user047-312587@mailinator.com,Password1
user048-312587@mailinator.com,Password1
user049-312587@mailinator.com,Password1
user050-312587@mailinator.com,Password1
user051-312587@mailinator.com,Password1
user052-312587@mailinator.com,Password1
user053-312587@mailinator.com,Password1
user054-312587@mailinator.com,Password1
user055-312587@mailinator.com,Password1
user056-312587@mailinator.com,Password1
user057-312587@mailinator.com,Password1
user058-312587@mailinator.com,Password1
user059-312587@mailinator.com,Password1
user060-312587@mailinator.com,Password1
user061-312587@mailinator.com,Password1
user062-312587@mailinator.com,Password1
user063-312587@mailinator.com,Password1
user064-312587@mailinator.com,Password1
user065-312587@mailinator.com,Password1
user066-312587@mailinator.com,Password1
user067-312587@mailinator.com,Password1
user068-312587@mailinator.com,Password1
user069-312587@mailinator.com,Password1
user070-312587@mailinator.com,Password1
user071-312587@mailinator.com,Password1
user072-312587@mailinator.com,Password1
user073-312587@mailinator.com,Password1
user074-312587@mailinator.com,Password1
user075-312587@mailinator.com,Password1
user076-312587@mailinator.com,Password1
user077-312587@mailinator.com,Password1
user078-312587@mailinator.com,Password1
user079-312587@mailinator.com,Password1
user080-312587@mailinator.com,Password1
user081-312587@mailinator.com,Password1
user082-312587@mailinator.com,Password1
user083-312587@mailinator.com,Password1
user084-312587@mailinator.com,Password1
user085-312587@mailinator.com,Password1
user086-312587@mailinator.com,Password1
user087-312587@mailinator.com,Password1
user088-312587@mailinator.com,Password1
user089-312587@mailinator.com,Password1
user090-312587@mailinator.com,Password1
user091-312587@mailinator.com,Password1
user092-312587@mailinator.com,Password1
user093-312587@mailinator.com,Password1
user094-312587@mailinator.com,Password1
user095-312587@mailinator.com,Password1
user096-312587@mailinator.com,Password1
user097-312587@mailinator.com,Password1
user098-312587@mailinator.com,Password1
user099-312587@mailinator.com,Password1
user100-312587@mailinator.com,Password1
